hora_de_publicacion,descripcion,alcance,me_gusta,veces_que_se_compartio,visitas_al_perfil,respuestas,navegacion,clics_en_el_enlace,seguimientos,toques_en_stickers,visualizaciones,sentimiento_score,fecha,nombre_archivo,objeto_principal,color_dominante,emocion_primaria,categoria
01/01/2023 15:32,En la recta final del Guadalupe -Reyes,,3,0,,0,,,,,,0,01/01/2023,IMG_20230101_203517_057.jpg,cookies,#425c81,happy,Comida y Bebida
01/01/2023 16:17,,,4,0,,0,,,,,,-2,01/01/2023,IMG_20230101_181738_189.jpg,pizza,#5c5f61,happy,Comida y Bebida
01/01/2023 18:34,"Faltan 303 d√≠as 
para Halloween",,5,0,,0,,,,,,0,01/01/2023,IMG_20230101_173236_089.jpg,red_wine,#747382,neutral,Comida y Bebida
03/01/2023 18:36,Para el fr√≠o,,7,0,,0,,,,,,0,03/01/2023,IMG_20230103_203624_503.jpg,plate,#5c697b,neutral,Selfie
06/01/2023 12:38,,,6,0,,0,,,,,,-2,06/01/2023,IMG_20230106_211449_997.jpg,tray,#4d4a76,happy,"Comida y Bebida, Selfie"
06/01/2023 19:11,,,4,0,,0,,,,,,-2,06/01/2023,IMG_20230106_211416_808.jpg,cleaver,#516da4,sad,Comida y Bebida
06/01/2023 19:11,,,2,0,,0,,,,,,-2,06/01/2023,IMG_20230106_211406_092.jpg,newspaper,#6d6e76,sad,Selfie
06/01/2023 19:11,,,1,0,,0,,,,,,-2,06/01/2023,IMG_20230106_211355_310.jpg,skull,#98a7aa,happy,Otro
06/01/2023 19:11,,,2,0,,0,,,,,,-2,06/01/2023,IMG_20230106_211343_940.jpg,magnetic_compass,#464855,neutral,Otro
06/01/2023 19:11,,,3,0,,0,,,,,,-2,06/01/2023,IMG_20230106_211333_090.jpg,restaurant,#666b7c,happy,Selfie
06/01/2023 19:11,,,1,0,,0,,,,,,-2,06/01/2023,IMG_20230106_211322_851.jpg,restaurant,#5c6374,happy,Selfie
06/01/2023 19:11,,,1,0,,0,,,,,,-2,06/01/2023,IMG_20230106_211205_437.jpg,street_sign,#55787a,neutral,Otro
06/01/2023 19:11,,,1,0,,0,,,,,,-2,06/01/2023,IMG_20230106_211153_582.jpg,street_signs,#52646a,happy,Otro
06/01/2023 19:14,,,2,0,,0,,,,,,-2,06/01/2023,IMG_20230106_143840_679.jpg,packet,#5c5d6b,happy,"Otro, Sticker"
07/01/2023 09:41,,,2,0,,0,,,,,,-2,07/01/2023,IMG_20230107_114144_017.jpg,potpie,#95a2ad,happy,"Comida y Bebida, Sticker"
08/01/2023 08:58,¬°A ahorrar para los tamales!,,4,0,,0,,,,,,0,08/01/2023,IMG_20230108_150427_607.jpg,ski_mask,#4b3e41,neutral,Selfie
08/01/2023 13:04,Oficialmente se acab√≥ el Guadalupe -Reyes,,5,0,,0,,,,,,0,08/01/2023,IMG_20230108_105914_439.jpg,potpie,#909ca7,happy,"Comida y Bebida, Sticker"
11/01/2023 07:02,¬°Buenos d√≠as!,,6,0,,0,,,,,,0,11/01/2023,IMG_20230111_090246_054.jpg,espresso,#b4bbce,sad,Comida y Bebida
12/01/2023 13:49,¬°Cuenta regresiva!,,3,0,,0,,,,,,0,12/01/2023,IMG_20230112_154949_486.jpg,people,#6c79bd,happy,Reposteo
16/01/2023 17:20,¬°Ya empezamos el c√≠rculo de sue√±os!,,7,0,,0,,,,,,0,16/01/2023,IMG_20230116_192025_454.jpg,person,#57515f,happy,Selfie
18/01/2023 08:30,,,5,0,,0,,,,,,-2,18/01/2023,IMG_20230118_103100_626.jpg,teapot,#98a2a8,neutral,"Otro, Sticker"
20/01/2023 10:23,Es un honor ser parte de la Fundaci√≥n @ekrmexico,,1,0,,0,,,,,,0,20/01/2023,IMG_20230120_122337_300.jpg,people,#5d575f,happy,"Reposteo, Con otras personas"
22/01/2023 17:37,¬°Ya casi empieza!,,7,0,,0,,,,,,0,22/01/2023,IMG_20230122_193730_320.jpg,person,#6a6686,happy,Selfie
25/01/2023 14:21,,,1,0,,0,,,,,,-2,25/01/2023,IMG_20230125_162752_863.jpg,quote,#404351,happy,Reposteo
25/01/2023 14:21,,,4,0,,0,,,,,,-2,25/01/2023,IMG_20230125_162719_529.jpg,quote,#dac3ce,sad,Reposteo
25/01/2023 14:27,Nuestros sue√±os permanecen con nosotros. Nos ayudan a abrir el coraz√≥n en el momento de mayor miedo.,,0,0,,0,,,,,,0,25/01/2023,IMG_20230125_162138_882.jpg,people,#718387,happy,"Reposteo, Con otras personas"
30/01/2023 11:50,¬øQuieres saber c√≥mo?,2,3,0,,0,,,,,,0,29/01/2023,IMG_20230129_194514_136.jpg,quote,#57514a,happy,Reposteo
04/02/2023 09:59,,2014,3,0,21,0,2098,,2,,,-2,04/02/2023,IMG_20230204_115956_923.jpg,book,#909696,happy,"Otro, Enlace"
08/02/2023 17:34,A punto de empezar el Death Caf√© con @ekrmexico,1122,2,0,9,1,1137,,,,,0,08/02/2023,IMG_20230208_194355_266.jpg,background_color,#63688b,happy,"Reposteo, Con otras personas"
08/02/2023 17:37,,931,4,0,9,0,936,,,2,,-2,08/02/2023,IMG_20230208_193458_035.jpg,eggnog,#757491,sad,"Selfie, Comida y Bebida"
10/02/2023 11:17,Voy a facilitar este taller junto a mis compa√±eras de @ekrmexico,1345,2,0,20,0,1357,,,,,0,10/02/2023,IMG_20230210_131835_344.jpg,background_color,#779aac,happy,"Reposteo, Sticker"
10/02/2023 11:18,,928,3,0,4,0,953,,,,,-2,10/02/2023,IMG_20230210_131753_231.jpg,background_color,#c7c0d3,sad,Reposteo
14/02/2023 18:43,,1392,5,0,8,1,1401,,,,,-2,14/02/2023,IMG_20230214_212509_153.jpg,background_color,#896fb2,neutral,"Enlace, Reposteo"
14/02/2023 19:21,,1029,4,0,2,0,1069,,,,,-2,14/02/2023,IMG_20230214_212315_147.jpg,background_color,#612a78,sad,Reposteo
14/02/2023 19:22,,873,2,0,1,0,916,,,,,-2,14/02/2023,IMG_20230214_212251_695.jpg,background_color,#612670,sad,Reposteo
14/02/2023 19:22,,814,3,0,1,1,836,,,,,-2,14/02/2023,IMG_20230214_212233_315.jpg,background_color,#643682,sad,Reposteo
14/02/2023 19:23,,778,1,0,1,0,800,,,,,-2,14/02/2023,IMG_20230214_212218_155.jpg,heart,#6e61ad,happy,Reposteo
14/02/2023 19:24,,736,1,0,2,1,782,3,,,,-2,14/02/2023,IMG_20230214_204359_214.jpg,straw,#929bad,happy,"Selfie, Comida y Bebida, Sticker"
06/03/2023 09:48,,1193,6,0,7,0,1196,,,,,-2,06/03/2023,IMG_20230306_114921_701.jpg,oracle,#9ca993,happy,"Otro, Sticker"
07/03/2023 18:11,,1046,1,0,4,0,1101,,,,,-2,07/03/2023,IMG_20230307_201630_426.jpg,background_color,#7e5386,neutral,Sticker
07/03/2023 18:11,,692,1,0,2,0,741,,1,,,-2,07/03/2023,IMG_20230307_201332_870.jpg,background_color,#63408d,neutral,Reposteo
07/03/2023 18:11,,607,1,1,,0,640,,,,,-2,07/03/2023,IMG_20230307_201313_495.jpg,background_color,#60307b,neutral,Reposteo
07/03/2023 18:12,,559,1,0,2,0,589,,,,,-2,07/03/2023,IMG_20230307_201258_444.jpg,background_color,#603584,neutral,Reposteo
07/03/2023 18:12,,544,0,0,,0,561,,,,,-2,07/03/2023,IMG_20230307_201210_797.jpg,background_color,#623684,neutral,Reposteo
07/03/2023 18:13,,537,1,0,,0,539,,,,,-2,07/03/2023,IMG_20230307_201157_014.jpg,background_color,#633a87,fear,Reposteo
07/03/2023 18:16,,518,5,1,2,1,520,,,,,-2,07/03/2023,IMG_20230307_201137_890.jpg,background_color,#643f8d,happy,Reposteo
08/03/2023 14:46,Todas somos una,1223,9,0,18,2,1263,,,,,0,08/03/2023,IMG_20230308_164700_665.jpg,background_color,#a98ba9,neutral,"Con otras personas, Reposteo"
13/03/2023 09:20,,1225,4,0,,0,1189,,,,,-2,13/03/2023,IMG_20230313_102215_888.jpg,message,#a89b75,happy,"Otro, Sticker"
19/03/2023 14:00,Que disfrutes tu d√≠a,5780,19,0,59,3,5722,,,,,0,19/03/2023,IMG_20230319_150117_392.jpg,ice_cream,#9c9396,happy,"Selfie, Comida y Bebida"
26/03/2023 10:39,Estoy muy agradecida de ser parte del equipo de @ekrmexico,1384,5,0,11,0,1386,,,6,,0,26/03/2023,IMG_20230326_113944_601.jpg,people,#626065,happy,"Con otras personas, Reposteo"
27/03/2023 08:28,Hoy es el √∫ltimo d√≠a del retiro con @ekrmexico,1700,3,0,19,0,1771,,,,,0,27/03/2023,IMG_20230327_092942_876.jpg,angel,#787a7f,happy,"Selfie, Sticker"
31/03/2023 13:28,Y ponen altares p√∫blicos,738,10,0,1,0,726,,,,,0,31/03/2023,IMG_20230331_155411_825.jpg,beer_glass,#60696d,happy,"Selfie, Comida y Bebida"
31/03/2023 13:28,"Hoy es Viernes de dolores, en mi ciudad regalan helado",951,6,0,1,0,897,,,,,0,31/03/2023,IMG_20230331_143018_428.jpg,background_color,#ccafb7,happy,Sticker
31/03/2023 13:30,,665,3,0,3,0,676,,,,,-2,31/03/2023,IMG_20230331_142915_212.jpg,altar,#657385,neutral,Otro
31/03/2023 14:53,¬°Salud!,653,4,0,6,0,666,,,,,0,31/03/2023,IMG_20230331_142836_189.jpg,altar,#6d798a,neutral,Otro
01/04/2023 10:57,M√°s altares,1394,6,0,3,0,1364,,,,,0,01/04/2023,IMG_20230401_174937_805.jpg,person,#8b8f98,happy,"Selfie, Sticker"
01/04/2023 10:58,,1066,2,0,4,0,1074,,,,,-2,01/04/2023,IMG_20230401_115828_786.jpg,patio,#7e878c,happy,"Sticker, Otro"
01/04/2023 16:49,Me voy de fiesta,1200,0,0,7,0,1196,,,,,0,01/04/2023,IMG_20230401_115753_686.jpg,altar,#76717b,neutral,Otro
03/04/2023 16:10,,519,5,1,3,1,523,,,,,-2,03/04/2023,IMG_20230403_171043_251.jpg,lemonade,#7a8697,happy,"Selfie, Sticker, Comida y Bebida"
05/04/2023 13:42,"Disfruta tus sue√±os, disfruta tu vida (cuando no sean pesadillas)",1897,3,0,11,0,1908,,,,,0,05/04/2023,IMG_20230405_144238_793.jpg,sunglasses,#828696,happy,"Selfie, Sticker, Comida y Bebida"
06/04/2023 17:08,,1271,4,0,6,0,1327,,,,,-2,06/04/2023,IMG_20230406_180835_997.jpg,person,#cbab9e,happy,"Selfie, Sticker"
13/04/2023 17:27,"Celebrando el 
aniversario de 
@geekandcoffee",1767,5,0,16,2,1802,,,,,0,13/04/2023,IMG_20230413_182723_462.jpg,food,#747888,happy,"Selfie, Comida y Bebida, Sticker"
19/04/2023 11:38,"Gracias a @themoonismycalendar 
pude darme cuenta de todo lo que surgi√≥ el pasado ciclo lunar",505,0,0,1,1,506,,,,,0,19/04/2023,img_20230419_123903_072.JPG,flower,#9e9da6,happy,Otro
20/04/2023 12:45,"Tengo ganas de estar 
m√°s cerca de ti",1212,4,0,19,0,1276,,,,,0,20/04/2023,img_20230420_133836_783.JPG,person,#979aa4,happy,"Selfie, Sticker"
22/04/2023 13:51,"Haciendo
Nuevas
Amistades üòÇ",3239,8,0,24,1,3244,,,,,0,22/04/2023,img_20230422_145159_422.JPG,manequin,#9093a8,happy,"Selfie, Sticker"
26/04/2023 17:35,Con mi bff @monicagamezwriter,1053,1,0,10,2,1068,,,2,,0,26/04/2023,img_20230426_183523_816.JPG,quote,#f8f7f9,neutral,"Sticker, Reposteo"
27/04/2023 19:14,"El domingo ser√© parte de la puesta en escena ""Magos del coraz√≥n""",738,3,0,6,0,732,,,,,0,27/04/2023,img_20230427_201752_736.JPG,promo,#bbabab,neutral,Ofrecimiento
27/04/2023 19:17,Por si andan en,464,2,0,2,0,467,,,,,0,27/04/2023,img_20230427_201420_420.JPG,web_site,#cfced7,happy,"Reposteo, Ofrecimiento"
28/04/2023 10:32,Estoy en una clase sobre sue√±os y Shamanismo con el autor Stanley Krippner Gracias @institutefordreamstudies,674,3,0,6,0,648,,,,,0,28/04/2023,img_20230428_113222_404.JPG,web_site,#8e868d,sad,Otro
28/04/2023 10:35,Stanley Krippner habla de c√≥mo a trav√©s de los sue√±os tenemos acceso a informaci√≥n de una forma no ordinaria,498,2,0,3,0,485,,,,,0,28/04/2023,IMG_20230428_113740_420.JPG,book,#95563b,sad,"Sticker, Otro"
28/04/2023 10:37,,430,0,0,2,0,424,,,,,-2,28/04/2023,IMG_20230428_113551_962.JPG,book,#90563c,neutral,Otro
28/04/2023 23:44,,1059,2,0,7,0,1048,,,,,-2,29/04/2023,IMG_20230429_004509_286.JPG,web_site,#f7f8f8,neutral,Reposteo
29/04/2023 14:58,Tuve ensayo con vestuario,1013,1,0,3,0,1013,,,,,0,29/04/2023,IMG_20230429_155825_169.JPG,gown,#bdbeca,happy,Selfie
30/04/2023 19:20,Magos del coraz√≥n,705,5,0,3,0,704,,,,,0,30/04/2023,IMG_20230430_202116_449.JPG,theater,#5d708b,neutral,Otro
30/04/2023 19:20,,747,3,0,3,0,745,,,,,-2,30/04/2023,IMG_20230430_202116_384.JPG,people,#81878f,happy,"Selfie, Con otras personas"
30/04/2023 19:20,,810,3,0,5,1,805,,,,,-2,30/04/2023,IMG_20230430_202116_761.JPG,gown,#97a1b2,neutral,Selfie
30/04/2023 19:20,,872,1,0,2,0,872,,,,,-2,30/04/2023,IMG_20230430_202129_014.JPG,people,#5f6a8a,happy,"Con otras personas, Cuerpo Completo"
30/04/2023 19:20,,1156,1,0,4,0,1149,,,,,-2,30/04/2023,IMG_20230430_202129_140.JPG,dream_catcher,#728ca6,happy,"Cuerpo Completo, Sticker"
30/04/2023 19:20,,773,1,0,,0,769,,,,,-2,30/04/2023,IMG_20230430_202130_572.JPG,people,#7e9195,happy,Con otras personas
01/05/2023 11:26,,1143,2,0,3,1,1137,,,,,-2,01/05/2023,img_20230501_122655_980.JPG,people,#a7a7b2,happy,"Reposteo, Con otras personas"
03/05/2023 05:13,So√±ando Despierta,1029,2,0,9,0,1033,,,,,0,03/05/2023,img_20230503_061407_982.JPG,patio,#666a72,happy,Comida y Bebida
03/05/2023 08:14,Mi oficina,815,7,0,10,2,830,,,,,0,03/05/2023,img_20230503_091511_037.JPG,laptop,#5e6667,neutral,"Otro, Sticker"
04/05/2023 14:55,"Hoy facilit√© una din√°mica para conectar con nuestros ancestros en el taller 'Cultivando el coraz√≥n del equipo"" en @ekrmexico",1806,8,0,12,1,1702,,,,,0,04/05/2023,img_20230504_155609_956.JPG,people,#7e7b82,neutral,Con otras personas
05/05/2023 08:40,"So√±ando
despierta",1783,5,0,9,1,1734,,,,,0,05/05/2023,IMG_20230505_094107_425.JPG,statue,#737c8c,surprise,Selfie
09/05/2023 06:23,√öltimo d√≠a de trabajar con esta vista,779,1,0,6,0,753,,,,,0,09/05/2023,IMG_20230509_072408_769.JPG,laptop,#616164,neutral,"Otro, Sticker"
09/05/2023 12:25,En San Miguel de Allende,375,1,0,1,0,379,,,,,0,09/05/2023,img_20230509_132611_559.JPG,web_site,#579995,happy,Reposteo
09/05/2023 20:20,Me siento muy contenta de formar parte del equipo @ekrmexico,420,2,0,,0,396,,,3,,0,09/05/2023,img_20230509_202035_751.JPG,people,#708b9c,neutral,"Reposteo, Con otras personas"
10/05/2023 09:58,Me regalaron un chocolate en el aeropuerto por el d√≠a de las madres,523,6,0,2,0,502,,,,,0,10/05/2023,img_20230510_105830_075.JPG,candy,#8a8496,happy,"Selfie, Comida y Bebida"
15/05/2023 11:29,"Es broma, bueno, 
si quieres no es broma",2135,3,0,14,0,2082,,,,,0,15/05/2023,img_20230515_122925_105.JPG,sign,#767a92,neutral,"Otro, Sticker"
22/05/2023 14:49,,638,0,0,4,0,636,,,,,-2,22/05/2023,img_20230522_154957_674.JPG,quote,#ae8a9a,happy,"Sticker, Cuerpo Completo"
22/05/2023 14:51,,358,0,0,,1,372,,,,,-2,22/05/2023,img_20230522_15123_340.JPG,background_color,#a96d86,sad,Sticker
22/05/2023 14:51,,413,0,0,,0,406,,,,,-2,22/05/2023,img_20230522_155215_156.JPG,quote,#f08f71,surprise,Otro
22/05/2023 14:52,,306,0,0,,0,298,,,,,-2,22/05/2023,img_20230522_155216_818.JPG,quote,#e9b3a5,sad,Otro
22/05/2023 14:52,,319,0,0,,0,309,,,,,-2,22/05/2023,img_20230522_155219_090.JPG,quote,#bcb4cc,neutral,Otro
22/05/2023 14:52,,333,0,0,,0,326,,,,,-2,22/05/2023,img_20230522_155225_104.JPG,quote,#e8b9af,neutral,Otro
24/05/2023 06:08,,770,3,0,7,1,816,,,,,-2,24/05/2023,img_20230524_070847_481.JPG,web_site,#cdcdcd,angry,"Reposteo, Sticker"
25/05/2023 09:48,"Hoy es el
D√≠a Mundial
Del tarot",798,4,0,4,0,822,,,,,0,25/05/2023,img_20230525_104901_188.JPG,oracle_deck,#b59f9b,happy,"Sticker, Selfie"
25/05/2023 14:46,,552,0,0,1,0,561,,,,,-2,25/05/2023,img_20230525_154700_505.JPG,person,#79636b,happy,"Sticker, Selfie"
29/05/2023 06:45,,791,0,0,8,0,826,,,,,-2,29/05/2023,img_20230529_074542_247.JPG,person,#887b83,happy,"Sticker, Selfie"
03/06/2023 13:15,"Gracias a las asistentes a la clase ""Explorando los personajes de tus sue√±os""",3672,2,0,14,0,3257,,,,,0,03/06/2023,img_20230603_141547_588.JPG,toys,#a19da5,neutral,"Sticker, Otro"
12/06/2023 17:52,,479,3,0,,0,490,,,,,-2,12/06/2023,img_20230612_185252_158.JPG,quote,#984770,happy,Otro
12/06/2023 20:02,,444,1,0,1,2,436,,,,,-2,12/06/2023,img_20230612_210230_415.JPG,web_site,#814b74,happy,"Selfie, Ofrecimiento, Sticker"
13/06/2023 08:21,,538,1,0,7,0,559,,,,,-2,13/06/2023,img_20230613_092135_179.JPG,web_site,#8c958e,happy,"Sticker, Reposteo"
14/06/2023 11:07,,485,0,0,8,1,524,,,,,-2,14/06/2023,img_20230614_120811_894.JPG,person,#858084,happy,"Sticker, Selfie"
16/06/2023 10:58,,1098,0,0,9,0,1151,,,,,-2,16/06/2023,img_20230616_115900_899.JPG,book,#989ba9,neutral,"Sticker, Otro"
22/06/2023 09:44,,753,0,0,6,0,775,,,,,-2,22/06/2023,img_20230622_104432_732.JPG,book,#70727d,sad,"Sticker, Otro"
10/07/2023 08:30,,672,0,0,5,0,692,,,,,-2,10/07/2023,img_20230710_093034_055.JPG,background_color,#aca5ae,neutral,"Sticker, Otro"
14/07/2023 16:40,Te invito a unirte a mi canal para tener contenido exclusivo sobre el poder de los sue√±os,830,4,0,7,0,855,,,,,0,14/07/2023,img_20230714_174025_731.JPG,background_color,#9b5b75,happy,"Sticker, Otro"
17/07/2023 19:08,¬ø Te est√°s perdiendo de lo que comparto en mi canal?,719,2,0,6,0,750,,,,,0,17/07/2023,IMG_20230717_200826_252.JPG,web_site,#f1eef1,neutral,Reposteo
19/07/2023 08:50,,492,1,0,2,0,462,,,,,-2,19/07/2023,IMG_20230719_095046_340.JPG,web_site,#d0d0da,neutral,Reposteo
20/07/2023 16:36,,335,0,0,1,0,293,3,,,,-2,20/07/2023,IMG_20230720_173636_071.JPG,web_site,#812b57,happy,Ofrecimiento
20/07/2023 16:36,,363,0,0,,0,303,,,,,-2,20/07/2023,IMG_20230720_173637_701.JPG,web_site,#aa5d7e,neutral,Ofrecimiento
20/07/2023 16:36,,407,1,0,,0,348,,,,,-2,20/07/2023,IMG_20230720_173638_825.JPG,web_site,#a04c6f,neutral,Ofrecimiento
20/07/2023 16:36,,621,2,0,,0,544,,,,,-2,20/07/2023,IMG_20230720_173649_077.JPG,web_site,#a25071,neutral,"Ofrecimiento, Enlace"
21/07/2023 17:33,En camino a cumplir un sue√±o,724,2,0,6,0,733,,1,,,0,21/07/2023,IMG_20230721_193331_027.JPG,airplane,#5f606e,happy,"Selfie, Sticker"
21/07/2023 17:40,Mientras abordo el siguiente vuelo,406,1,0,3,0,398,,,,,0,21/07/2023,IMG_20230721_194103_803.JPG,coffee,#787a87,sad,"Selfie, Comida y Bebida"
22/07/2023 06:23,"Navidad en Julio
Gracias @monicagamezwriter",611,2,0,,0,608,,,,,0,22/07/2023,IMG_20230722_082353_222.JPG,book,#6e6976,sad,Otro
22/07/2023 07:19,,555,3,0,7,0,577,,,,,-2,22/07/2023,IMG_20230722_091940_212.JPG,library,#706576,happy,"Selfie, Sticker"
27/07/2023 19:47,,721,1,0,2,0,722,,,,,-2,27/07/2023,IMG_20230727_204800_793.JPG,web_site,#cecdcf,surprise,"Sticker, Reposteo"
03/08/2023 13:31,,711,3,0,19,0,736,,,,,-2,03/08/2023,IMG_20230803_143127_552.JPG,web_site,#753966,happy,"Sticker, Ofrecimiento, Selfie"
08/08/2023 18:48,,529,6,0,2,0,495,3,,,,-2,08/08/2023,IMG_20230808_194851_186.JPG,promo,#6d2f5e,happy,"Selfie, Ofrecimiento, Enlace"
10/08/2023 09:19,Si est√°n en Argentina me pueden escuchar al rato,567,2,1,2,0,581,,,,,0,10/08/2023,IMG_20230810_101951_474.JPG,people,#6492c6,happy,"Reposteo, Con otras personas, Ofrecimiento"
10/08/2023 15:04,Gracias a @sumando2021 por el espacio de hoy,563,1,0,3,0,579,,,2,,0,10/08/2023,IMG_20230810_160457_093.JPG,person,#5d5e6f,surprise,Selfie
12/08/2023 20:43,Just saying,744,3,0,5,0,749,,,,,0,12/08/2023,IMG_20230812_214312_621.JPG,street_sign,#594a6f,neutral,Otro
14/08/2023 11:35,,1782,1,0,10,2,1779,,,,,-2,14/08/2023,img_20230814_123530_258.JPG,web_site,#b7b8b9,neutral,"Otro, Sticker"
31/08/2023 14:03,,1117,5,0,5,1,1062,,,,,-2,31/08/2023,img_20230831_150332_484.JPG,web_site,#bdb7bc,neutral,"Otro, Sticker"
01/09/2023 18:26,,624,0,0,7,1,657,,,,,-2,01/09/2023,img_20230901_192630_079.JPG,web_site,#a58a58,sad,"Ofrecimiento, Enlace"
02/09/2023 10:54,Comenzando bien mi cumplea√±os,1721,12,0,7,2,1731,,,,,0,02/09/2023,img_20230902_115445_382.JPG,enchiladas,#728796,neutral,Comida y Bebida
03/09/2023 09:41,,152,0,0,1,0,147,,,,,-2,03/09/2023,img_20230903_104131_270.JPG,web_site,#838d95,happy,"Otro, Sticker"
03/09/2023 09:41,,248,0,0,3,0,254,,,,,-2,03/09/2023,img_20230903_104230_105.JPG,person,#8a9bad,sad,"Reposteo, Selfie"
03/09/2023 09:41,,165,0,0,,0,154,,,,,-2,03/09/2023,img_20230903_104241_435.JPG,ice_cream,#998883,neutral,"Selfie, Reposteo, Comida y Bebida"
03/09/2023 09:41,,171,0,0,,0,157,,,,,-2,03/09/2023,img_20230903_104252_723.JPG,manequin,#7d7691,happy,"Selfie, Sticker"
03/09/2023 09:41,,178,1,0,,0,163,,,,,-2,03/09/2023,img_20230903_104309_535.JPG,background_color,#9e4e72,happy,Sticker
07/09/2023 17:43,,551,2,0,4,0,567,,,,,-2,07/09/2023,img_20230907_184339_257.JPG,theater,#696456,neutral,"Sticker, Otro"
10/09/2023 11:42,"Lista para
 regalar sue√±os",583,2,0,2,0,595,,,,,0,10/09/2023,img_20230910_124252_716.JPG,person,#9495a7,happy,"Sticker, Selfie"
10/09/2023 16:47,"Sue√±os
Despiertos",531,2,0,2,1,534,,,,,0,10/09/2023,img_20230910_174741_622.JPG,character,#949ca0,neutral,Otro
10/09/2023 20:00,,471,2,0,1,0,468,,,,,-2,10/09/2023,img_20230910_210112_254.JPG,event,#898a96,neutral,"Con otras personas, Sticker, Cuerpo Completo"
12/09/2023 13:59,,517,2,0,2,0,521,,,,,-2,12/09/2023,img_20230912_145923_671.JPG,web_site,#a78a53,happy,"Enlace, Ofrecimiento"
13/09/2023 08:17,Mis conversaciones favoritas,495,3,0,4,0,489,,,,,0,13/09/2023,img_20230913_091736_225.JPG,web_site,#628479,happy,Reposteo
18/09/2023 12:25,Reflexiones que s√≥lo pasan en mi canal.... ¬øYa te uniste?,324,1,0,1,0,325,,,,,0,18/09/2023,img_20230918_132526_627.JPG,web_site,#f0ecf0,neutral,Reposteo
19/09/2023 20:13,,590,1,0,7,1,584,,,,,-2,19/09/2023,img_20230919_211326_765.JPG,tv,#585d5e,happy,"Otro, Sticker"
19/09/2023 21:42,,338,1,0,3,0,328,,,,,-2,19/09/2023,img_20230919_224225_448.JPG,tv,#8a756b,sad,Otro
22/09/2023 10:26,¬øQu√© tal tu viernes?,721,1,0,8,0,756,,,,,0,22/09/2023,img_20230922_112624_757.JPG,sunglasses,#8993a8,happy,"Selfie, Comida y Bebida"
26/09/2023 14:55,¬øTambi√©n les mandan videos de Jes√∫s o s√≥lo a mi?,881,2,0,11,0,892,,,,,0,26/09/2023,img_20230926_155613_230.JPG,web_site,#cdcfd6,neutral,"Reposteo, Sticker"
29/09/2023 09:58,,456,1,0,5,0,462,,,,,-2,29/09/2023,img_20230929_105901_289.JPG,quote,#a5c9d9,happy,Reposteo
01/10/2023 10:04,"¬°Feliz d√≠a
Internacional del
Caf√©!",1989,7,0,9,0,2019,,,,,0,01/10/2023,img_20231001_110448_650.JPG,sunglasses,#9aa2b6,happy,"Selfie, Comida y Bebida, Sticker"
02/10/2023 10:17,,414,2,0,,0,438,,,,,-2,02/10/2023,img_20231002_111757_68}2.JPG,background_color,#6a1d51,angry,"Sticker, Otro"
02/10/2023 10:20,,232,1,0,,0,225,,,,,-2,02/10/2023,img_20231002_112036_587.JPG,background_color,#732957,neutral,Sticker
04/10/2023 13:57,Buen provecho,1213,4,0,9,0,1221,,,,,0,04/10/2023,img_20231004_145727_231.JPG,menu,#8999a2,neutral,Comida y Bebida
05/10/2023 13:43,Estoy colaborando en este entrenamiento presencial para @ekrmexico,801,1,0,5,0,802,,,,,0,05/10/2023,img_20231005_144335_085.JPG,web_site,#867a8b,happy,"Reposteo, Con otras personas"
14/10/2023 17:30,¬°Que tengas bonito fin de semana!,5121,8,0,32,2,5180,,,,,0,14/10/2023,img_20231014_183052_868.JPG,cookie,#5e5d74,neutral,"Selfie, Comida y Bebida"
16/10/2023 10:19,Buenos d√≠as,6409,8,0,21,0,6576,,,,,0,16/10/2023,img_20231016_111931_352.JPG,fruit,#5c6980,neutral,Comida y Bebida
19/10/2023 09:17,Buenos d√≠as,1533,2,0,14,0,1623,,,,,0,19/10/2023,img_20231019_101739_145.JPG,coffee,#778691,happy,Comida y Bebida
23/10/2023 10:12,Buenos d√≠as,1567,3,0,6,0,1616,,,,,0,23/10/2023,img_20231023_111222_164.JPG,food,#54606c,neutral,Comida y Bebida
25/10/2023 17:58,¬°Adivina d√≥nde estoy!,2591,2,0,16,0,2619,,,,,0,25/10/2023,img_20231025_185900_681.JPG,toy,#545b73,sad,Otro
29/10/2023 15:11,,7241,5,0,29,0,7235,,,4,,-2,29/10/2023,img_20231029_16114_271.JPG,people,#9c96b2,happy,"Reposteo, Con otras personas"
30/10/2023 12:41,M√°s detalles del portavasos en la siguiente historia üòΩ,202,0,0,,0,198,,,,,0,30/10/2023,img_20231030_134200_340.JPG,coffee_mug,#9898a0,sad,"Selfie, Comida y Bebida"
31/10/2023 08:00,¬°Buenos d√≠as!,412,6,0,,0,411,,,,,0,31/10/2023,img_20231031_090116_142.JPG,espresso,#90a2ba,neutral,Comida y Bebida
31/10/2023 09:42,¬°Gracias por seguirme!,346,3,0,1,0,328,,,,,0,31/10/2023,img_20231031_104302_997.JPG,carton,#8e9098,happy,Otro
31/10/2023 16:37,¬°Provecho!,307,2,0,,0,292,,,,,0,31/10/2023,img_20231031_17342_753.JPG,bagel,#5a7795,happy,Comida y Bebida
31/10/2023 17:08,,273,1,0,1,0,268,,,,,-2,31/10/2023,img_20231031_180907_348.JPG,cake,#6984b4,neutral,Comida y Bebida
01/11/2023 10:15,"Chocolate,
pan de muerto
y caf√© de Oaxaca",537,4,0,2,0,528,,,,,0,01/11/2023,img_20231101_111546_032.JPG,food,#878da7,neutral,Comida y Bebida
01/11/2023 15:23,Una tlayuda para cerrar mi viaje a  Gracias @ekrmexico por la oportunidad,1395,2,0,7,0,1404,,,,,0,01/11/2023,img_20231101_162415_442.JPG,quesadilla,#4a72a8,neutral,Comida y Bebida
05/11/2023 14:10,"Que los sue√±os
te acompa√±en",1169,3,0,9,0,1200,,,,,0,05/11/2023,img_20231105_161114_813.JPG,person,#3e424c,happy,Selfie
05/11/2023 16:04,Estoy muy orgullosa del trabajo que hacemos en @ekrmexico,831,1,0,3,0,852,,,,,0,05/11/2023,img_20231105_180430_244.JPG,people,#9d91a3,sad,"Reposteo, Con otras personas"
08/11/2023 09:14,So√±√© con varios perros que hablaban,843,1,0,9,0,844,,,,,0,08/11/2023,img_20231108_111512_394.JPG,dog,#83486f,sad,"Sticker, Otro"
12/11/2023 13:10,"Sue√±os 
despiertos",1321,5,0,8,0,1345,,,,,0,12/11/2023,img_20231112_151040_848.JPG,iron,#747374,surprise,"Otro, Sticker"
12/11/2023 15:12,,444,4,0,2,0,444,,,,,-2,12/11/2023,img_20231112_171252_100.JPG,web_site,#88898c,neutral,Otro
12/11/2023 16:00,¬°Bonita tarde!,470,5,0,8,0,506,,,,,0,12/11/2023,img_20231112_180053_149.JPG,stole,#a99da2,happy,Selfie
13/11/2023 10:39,Que tengas buen inicio de semana Saludos desde,4649,11,0,15,0,4643,,,,,0,13/11/2023,img_20231113_124011_527.JPG,landscape,#aea38e,neutral,Otro
14/11/2023 15:09,Sue√±os,1117,5,0,13,0,1124,,,,,0,14/11/2023,img_20231114_171018_259.JPG,oracle_deck,#6b5a5b,happy,Otro
20/11/2023 09:44,Desayunando mientras planeo un curso de sue√±os premonitorios,7545,3,0,56,0,7450,,,,,0,20/11/2023,img_20231120_114518_579.JPG,wok,#95989e,neutral,"Comida y Bebida, Sticker"
27/11/2023 09:57,¬øTe has sentido incomprendida cuando tienes sue√±os premonitorios?,4916,3,0,40,3,4955,,,,,0,27/11/2023,img_20231127_115721_790.JPG,plate,#8a92a0,neutral,"Comida y Bebida, Sticker"
29/11/2023 07:28,¬°Ya tengo todo listo para regalar sue√±os m√°s tarde!,363,2,0,2,0,353,,,,,0,29/11/2023,img_20231129_092822_072.JPG,oracle_deck,#857485,neutral,Otro
01/12/2023 06:06,,299,2,0,2,0,301,2,,,,-2,01/12/2023,img_20231201_080738_765.JPG,promo,#8c6136,sad,"Ofrecimiento, Enlace"
02/12/2023 09:14,"Estoy haciendo mi pr√°ctica de #31d√≠asdegratitud en Threads. Si quieres unirte, sigueme por all√°",1049,2,0,8,0,1067,,,,,0,02/12/2023,img_20231202_111442_911.JPG,web_site,#c4c2c8,happy,"Reposteo, Cuerpo Completo"
03/12/2023 13:30,"¬øHas tenido
un sue√±o que se siente
muy real?",2504,2,0,7,0,2540,,,,,0,03/12/2023,img_20231203_153112_005.JPG,tray,#8393b2,neutral,"Comida y Bebida, Sticker"
04/12/2023 07:31,,177,1,0,1,0,173,1,,,,-2,04/12/2023,img_20231204_093227_861.JPG,promo,#9e6a3b,fear,"Sticker, Enlace, Ofrecimiento, Cuerpo Completo"
05/12/2023 12:00,¬°Buen provecho!,360,3,0,2,0,366,,,,,0,05/12/2023,img_20231205_140027_922.JPG,coffee,#818192,sad,Comida y Bebida
08/12/2023 07:40,¬°Gracias a quienes asistieron al webinar ayer!,627,1,0,2,1,614,,,,,0,08/12/2023,img_20231208_094046_142.JPG,web_site,#c9b0a9,fear,Comida y Bebida
08/12/2023 07:53,"¬øQu√© tema prefieres
para la siguiente clase
gratuita?",526,6,0,1,3,528,,,,,0,08/12/2023,img_20231208_095334_773.JPG,person,#ab8c93,neutral,"Cuerpo Completo, Sticker"
10/12/2023 13:19,En el Pre Guadalupe - Reyes,4225,1,0,23,0,4257,,,,,0,10/12/2023,img_20231210_152007_252.JPG,person,#7f7489,happy,"Sticker, Comida y Bebida, Selfie"
13/12/2023 11:14,,183,1,0,,0,195,3,,,,-2,13/12/2023,img_20231213_131506_349.JPG,person,#733d5d,neutral,"Sticker, Cuerpo Completo"
13/12/2023 11:14,,316,1,0,3,0,317,,,,,-2,13/12/2023,img_20231213_131509_899.JPG,promo,#514940,happy,"Ofrecimiento, Enlace, Cuerpo Completo"
14/12/2023 16:53,Ya estoy lista para empezar el conversatorio sobre sue√±os Premonitorios,1168,5,0,15,0,1160,,,,,0,14/12/2023,img_20231214_185323_269.JPG,person,#8c8399,happy,Selfie
18/12/2023 15:36,¬°Buen inicio de semana!,861,6,0,6,0,871,,,,,0,18/12/2023,img_20231218_173716_965.JPG,coffee_mug,#6c7089,happy,"Selfie, Comida y Bebida"
20/12/2023 15:51,¬°Buen provecho!,847,4,0,3,0,849,,,,,0,20/12/2023,img_20231220_175120_219.JPG,dining_table,#5b6b8a,neutral,Comida y Bebida
22/12/2023 16:27,"¬°Que tengas
buen fin de semana!",1133,5,0,3,0,1127,,,,,0,22/12/2023,IMG_20231222_182937_798.jpg,coffee_mug,#4e4f66,happy,Comida y Bebida
23/12/2023 09:05,"Esto me sali√≥ en Youtube Music. He tenido varios sue√±os de un arcoiris en la oscuridad, as√≠ que s√≠ soy, al menos parcialmente.",473,3,0,1,0,450,,,,,0,22/12/2023,img_20231222_182817_998.JPG,coffee_mug,#4c4d63,happy,Comida y Bebida
23/12/2023 09:05,Me gusta üòª,336,2,0,,0,309,,,,,0,23/12/2023,img_20231223_110557_952.JPG,screen,#534e38,happy,Reposteo
25/12/2023 09:13,"Elige un n√∫mero
del 1 al 30 y 
te mando tu sue√±o",828,6,1,2,0,857,,,,,0,25/12/2023,img_20231225_111317_831.JPG,oracle_deck,#9b7f95,happy,"Cuerpo Completo, Sticker"
25/12/2023 13:12,El poder de los sue√±os va m√°s all√° de qui√©n los sue√±a,1560,7,0,9,0,1546,,,,,0,25/12/2023,img_20231225_151219_549.JPG,toys,#55779b,happy,Reposteo
27/12/2023 15:06,Est√° m√°s peinada que yo üòÇ,8231,4,0,62,0,8064,,,,,0,27/12/2023,img_20231227_170637_259.JPG,witch,#67626a,happy,Selfie
28/12/2023 07:21,,401,1,0,4,0,389,,,,,-2,28/12/2023,img_20231228_092223_407.JPG,person,#5e473a,sad,"Sticker, Cuerpo Completo"
29/12/2023 10:09,¬øQuieres recibir un ritual para incubar un sue√±o que te gu√≠e en el 2024?,841,3,0,3,0,840,,,,,0,29/12/2023,img_20231229_120935_441.JPG,flowers,#aa7f9f,happy,"Otro, Sticker"
29/12/2023 13:44,,555,8,0,,2,620,76,,,,-2,29/12/2023,img_20231229_154437_750.JPG,web_site,#f3caea,neutral,"Ofrecimiento, Enlace"
31/12/2023 10:17,Tambi√©n tu haces mi vida muy feliz üòÄ‚ù§Ô∏è,750,4,0,3,0,762,,,,,0,31/12/2023,img_20231231_121800_778.JPG,quote,#251b23,angry,"Sticker, Reposteo"
01/01/2024 10:00,"¬øQuieres saber c√≥mo
explorar el mensaje
de tu primer sue√±o del a√±o?",465,1,0,,0,465,,,,,0,01/01/2024,IMG_20240101_120057_494.jpg,journal,#b4aeb7,sad,"Sticker, Otro"
03/01/2024 06:00,,512,5,1,8,0,532,,,,,-2,03/01/2024,IMG_20240103_091845_420.jpg,person,#e1886a,surprise,"Otro, Cuerpo Completo"
03/01/2024 07:18,,207,1,0,,0,192,,,,,-2,03/01/2024,IMG_20240103_091845_755.jpg,person,#76315c,neutral,"Cuerpo Completo, Ofrecimiento"
04/01/2024 13:12,,3137,14,0,24,3,3111,,,,,-2,04/01/2024,IMG_20240104_151311_107.jpg,quote,#b07b41,happy,Otro
05/01/2024 12:08,,368,3,0,4,0,373,,,,,-2,05/01/2024,IMG_20240105_140833_389.jpg,person,#4c3228,sad,"Cuerpo Completo, Sticker"
06/01/2024 19:42,,4546,4,0,23,0,4642,,,,,-2,06/01/2024,IMG_20240106_214222_344.jpg,bread,#767b9b,neutral,"Sticker, Comida y Bebida"
11/01/2024 16:09,,937,1,0,7,0,976,,,,,-2,11/01/2024,IMG_20240111_180951_112.jpg,oracle_deck,#514454,neutral,"Sticker, Otro"
29/01/2024 12:35,,757,5,0,4,0,767,,,,,-2,29/01/2024,IMG_20240129_143555_250.jpg,web_site,#f4e5eb,neutral,"Otro, Sticker"
30/01/2024 17:09,,1601,7,0,10,0,1669,,,,,-2,30/01/2024,IMG_20240130_190930_660.jpg,quote,#f6b7c0,happy,"Sticker, Reposteo"
02/02/2024 08:53,,726,2,0,7,0,736,,,,,-2,02/02/2024,IMG_20240202_105325_912.jpg,tamal,#8b90ad,neutral,"Sticker, Comida y Bebida"
07/02/2024 09:08,,1217,3,0,9,2,1177,,,,,-2,07/02/2024,IMG_20240207_110906_769.jpg,person,#a37a8a,happy,"Sticker, Selfie"
10/02/2024 14:29,,356,3,0,1,0,354,6,,,,-2,10/02/2024,IMG_20240210_163012_710.jpg,moon,#411e27,neutral,"Enlace, Ofrecimiento"
10/02/2024 14:29,,576,4,0,5,0,588,,,,,-2,10/02/2024,IMG_20240210_163013_969.jpg,moon,#573b43,happy,"Selfie, Sticker"
12/02/2024 10:12,,518,1,0,,0,473,,,,,-2,12/02/2024,IMG_20240212_121257_181.jpg,book,#703d6c,surprise,"Sticker, Otro"
12/02/2024 10:12,,342,1,0,1,0,349,,,,,-2,12/02/2024,IMG_20240212_121300_506.jpg,quote,#846475,happy,"Sticker, Selfie"
12/02/2024 10:12,,299,0,0,,0,305,,,,,-2,12/02/2024,IMG_20240212_121301_845.jpg,background_color,#793056,happy,Sticker
13/02/2024 16:32,,1331,5,0,9,0,1377,,,,,-2,13/02/2024,IMG_20240213_183250_806.jpg,person,#ac979e,happy,"Sticker, Selfie, Ofrecimiento"
16/02/2024 13:26,,5336,5,0,33,0,5275,,,,,-2,16/02/2024,IMG_20240216_152701_550.jpg,people,#b69ba2,happy,"Reposteo, Con otras personas"
19/02/2024 09:11,,481,5,0,9,0,496,,,,,-2,19/02/2024,IMG_20240219_111146_466.jpg,coffee,#737888,neutral,Comida y Bebida
19/02/2024 10:50,,249,3,0,1,0,255,,,,,-2,19/02/2024,IMG_20240219_125056_353.jpg,stole,#7f5a70,happy,"Selfie, Otro"
19/02/2024 10:50,,210,3,0,,0,224,,,,,-2,19/02/2024,IMG_20240219_125058_731.jpg,book,#8d4e73,happy,Otro
19/02/2024 10:50,,185,1,0,,0,200,,,,,-2,19/02/2024,IMG_20240219_125100_027.jpg,background_color,#793056,happy,Sticker
20/02/2024 12:56,,189,3,0,2,0,201,9,,,,-2,20/02/2024,IMG_20240220_145703_283.jpg,person,#7d655b,happy,"Sticker, Selfie"
20/02/2024 12:56,,204,0,0,1,0,198,,,,,-2,20/02/2024,IMG_20240220_145706_258.jpg,promo,#5d203e,neutral,"Selfie, Ofrecimiento, Enlace"
20/02/2024 12:56,,232,0,0,1,0,232,,,,,-2,20/02/2024,IMG_20240220_145706_307.jpg,background_Color,#974e73,happy,Sticker
21/02/2024 17:34,,302,0,0,3,0,305,,,,,-2,21/02/2024,IMG_20240221_193428_114.jpg,person,#907774,happy,"Sticker, Selfie"
21/02/2024 17:34,,190,0,0,1,0,200,,,,,-2,21/02/2024,IMG_20240221_193431_128.jpg,background_color,#853860,sad,Sticker
23/02/2024 05:57,,302,0,0,2,0,311,,,,,-2,23/02/2024,IMG_20240223_075815_658.jpg,gown,#9d9795,happy,Otro
23/02/2024 05:57,,187,1,0,,0,197,,,,,-2,23/02/2024,IMG_20240223_075816_795.jpg,person,#77505e,happy,Selfie
23/02/2024 05:57,,165,0,0,1,0,178,,,,,-2,23/02/2024,IMG_20240223_075817_564.jpg,abaya,#9da0a2,sad,Otro
23/02/2024 05:57,,154,0,0,,0,165,,,,,-2,23/02/2024,IMG_20240223_075818_734.jpg,feather_boa,#323c6b,happy,Otro
23/02/2024 05:57,,148,0,0,,0,156,,,,,-2,23/02/2024,IMG_20240223_075821_075.jpg,background_color,#742850,happy,Sticker
04/03/2024 08:18,,366,0,0,2,1,337,,,,,-2,04/03/2024,IMG_20240304_101907_511.jpg,person,#704d61,happy,"Selfie, Sticker"
04/03/2024 08:18,,261,1,0,1,0,263,,,,,-2,04/03/2024,IMG_20240304_101907_513.jpg,book,#704c79,surprise,"Sticker, Otro"
04/03/2024 08:18,,217,0,0,2,0,229,,,,,-2,04/03/2024,IMG_20240304_101907_606.jpg,background_color,#7a2650,happy,Sticker
05/03/2024 17:33,,184,1,0,,0,182,,,,,-2,05/03/2024,IMG_20240305_193343_615.jpg,web_site,#a34472,happy,Ofrecimiento
05/03/2024 17:33,,159,0,0,,0,163,,,,,-2,05/03/2024,IMG_20240305_193343_959.jpg,person,#ac859f,happy,"Ofrecimiento, Sticker, Selfie"
05/03/2024 17:33,,294,2,0,3,0,290,,,,,-2,05/03/2024,IMG_20240305_193348_099.jpg,background_Color,#af5c83,happy,Sticker
11/03/2024 16:59,,524,2,0,7,0,502,,,,,-2,11/03/2024,IMG_20240311_175939_070.jpg,promo,#82384a,nuetral,"Enlace, Cuerpo Completo, Ofrecimiento"
11/03/2024 16:59,,371,0,0,2,0,374,1,,,,-2,11/03/2024,IMG_20240311_175941_185.jpg,person,#92697c,happy,"Selfie, Sticker"
16/03/2024 17:40,,466,1,0,,0,471,,,,,-2,16/03/2024,IMG_20240316_184103_346.jpg,person,#8e6779,happy,"Selfie, Sticker"
19/03/2024 07:29,,145,0,0,,0,140,,,,,-2,19/03/2024,IMG_20240319_082940_712.jpg,person,#653c57,neutral,"Selfie, Sticker"
19/03/2024 07:29,,173,1,0,,0,169,,,,,-2,19/03/2024,IMG_20240319_082943_526.jpg,promo,#782f3f,neutral,"Ofrecimiento, Cuerpo Completo"
19/03/2024 07:29,,281,2,0,2,0,280,,,,,-2,19/03/2024,IMG_20240319_082946_013.jpg,person,#804c6b,happy,"Selfie, Sticker"
19/03/2024 07:29,,133,0,0,,0,128,,,,,-2,19/03/2024,IMG_20240319_082946_383.jpg,person,#856c4b,happy,"Sticker, Ofrecimiento, Cuerpo Completo"
21/03/2024 08:19,,215,0,0,2,0,219,,,,,-2,21/03/2024,IMG_20240321_091929_583.jpg,person,#8d586e,happy,Cuerpo Completo
21/03/2024 08:19,,107,0,0,,0,109,,,,,-2,21/03/2024,IMG_20240321_091929_670.jpg,journal,#70566b,sad,Cuerpo Completo
01/04/2024 10:44,,420,0,0,15,0,423,,,,,-2,01/04/2024,IMG_20240401_114430_919.jpg,person,#693856,happy,Selfie
01/04/2024 10:44,,293,2,0,2,0,295,,,,,-2,01/04/2024,IMG_20240401_114431_278.jpg,person,#562a47,happy,Selfie
01/04/2024 10:44,,216,0,0,1,0,207,,,,,-2,01/04/2024,IMG_20240401_114436_157.jpg,person,#856a48,happy,"Ofrecimiento, Cuerpo Completo"
01/04/2024 10:44,,248,1,0,1,0,234,,,,,-2,01/04/2024,IMG_20240401_182702_590.jpg,trifle,#707989,happy,Comida y Bebida
01/04/2024 17:26,,777,7,0,8,1,797,,,,,-2,04/04/2024,IMG_20240404_173737_841.jpg,person,#91818b,happy,"Selfie, Sticker"
05/04/2024 16:28,,405,0,0,2,0,387,,,,,-2,05/04/2024,IMG_20240405_172839_010.jpg,people,#605960,happy,"Con otras personas, Reposteo"
05/04/2024 16:29,,245,0,0,1,0,243,,,,,-2,05/04/2024,IMG_20240405_172930_524.jpg,promo,#ded7cb,sad,"Reposteo, Ofrecimiento"
10/04/2024 20:00,,179,0,0,2,0,179,,,2,,-2,10/04/2024,IMG_20240410_210243_566.jpg,coffee_shop,#68708e,happy,Selfie
19/04/2024 07:49,,1921,5,0,23,0,1935,,,,,-2,19/04/2024,IMG_20240419_084956_981.jpg,fruit,#777eac,neutral,Comida y Bebida
19/04/2024 12:54,,702,1,0,1,0,696,,,,,-2,19/04/2024,IMG_20240419_135448_157.jpg,people,#5d79b4,sad,"Con otras personas, Reposteo"
24/04/2024 14:48,,439,2,0,4,0,434,,,4,,-2,24/04/2024,IMG_20240424_140855_977.jpg,pizza,#72718b,happy,"Selfie, Comida y Bebida"
24/04/2024 14:50,,321,3,0,,0,327,,,,,-2,24/04/2024,IMG_20240424_155033_295.jpg,people,#6f697c,happy,Con otras personas
25/04/2024 08:42,,251,0,0,3,0,258,,,,,-2,25/04/2024,IMG_20240425_094228_479.jpg,people,#7e77bc,happy,"Con otras personas, Reposteo"
25/04/2024 11:37,,196,7,0,1,0,193,,,,,-2,25/04/2024,IMG_20240425_123732_797.jpg,bucket,#7d8290,happy,Comida y Bebida
25/04/2024 14:21,,143,3,0,2,0,147,,,,,-2,25/04/2024,IMG_20240425_152208_168.jpg,logo,#cd6378,happy,Cuerpo Completo
25/04/2024 14:21,,180,2,0,,0,170,,,,,-2,25/04/2024,IMG_20240425_152209_075.jpg,person,#626994,neutral,Selfie
25/04/2024 14:21,,160,2,0,,0,152,,,,,-2,25/04/2024,IMG_20240425_152211_383.jpg,person,#7f6a7f,happy,Cuerpo Completo
25/04/2024 14:21,,153,3,0,,0,148,,,,,-2,25/04/2024,IMG_20240425_152212_626.jpg,envelope,#5f82b6,neutral,Otro
25/04/2024 17:34,,385,2,0,3,0,395,,,4,,-2,25/04/2024,IMG_20240425_183425_441.jpg,juice,#5e697d,happy,"Comida y Bebida, Selfie"
01/05/2024 16:48,,391,5,0,5,0,452,,,,,-2,01/05/2024,IMG_20240501_174852_821.jpg,promo,#a789b6,surprise,"Selfie, Ofrecimiento, Sticker"
03/05/2024 16:04,,302,0,0,2,0,330,,,,,-2,03/05/2024,IMG_20240503_165952_178.jpg,mural,#716471,happy,Selfie
03/05/2024 16:05,,172,0,0,3,0,210,,,,,-2,03/05/2024,IMG_20240503_165711_342.jpg,seat_belt,#776c80,neutral,Selfie
04/05/2024 15:13,,1516,2,0,7,0,1553,,,,,-2,04/05/2024,IMG_20240504_161343_341.jpg,people,#716f87,happy,Con otras personas
04/05/2024 15:13,,1205,4,0,4,0,1248,,,,,-2,04/05/2024,IMG_20240504_161354_243.jpg,toyshop,#746f83,happy,"Con otras personas, Comida y Bebida"
04/05/2024 15:13,,1116,3,0,6,0,1146,,,,,-2,04/05/2024,IMG_20240504_161356_203.jpg,theater,#6c6a7e,neutral,Otro
04/05/2024 15:13,,1068,2,0,9,1,1082,,,,,-2,04/05/2024,IMG_20240504_161357_968.jpg,people,#6e647e,happy,Otro
04/05/2024 15:13,,994,3,0,15,1,1120,,,,,-2,04/05/2024,IMG_20240504_161359_463.jpg,people,#696574,happy,Con otras personas
06/05/2024 10:58,,167,2,0,,0,185,,,,,-2,06/05/2024,IMG_20240506_105807_119.jpg,journal,#c56f74,sad,Otro
06/05/2024 10:58,,146,1,0,,0,164,,,,,-2,06/05/2024,IMG_20240506_105807_560.jpg,book,#d27c74,happy,Otro
10/05/2024 19:37,,240,4,0,1,0,233,,,,,-2,10/05/2024,IMG_20240510_203821_648.jpg,plate,#717585,happy,"Selfie, Comida y Bebida"
10/05/2024 19:37,,229,4,0,1,1,214,,,,,-2,10/05/2024,IMG_20240510_203822_065.jpg,people,#726370,tender,Con otras personas
10/05/2024 19:37,,222,3,0,1,0,221,,,,,-2,10/05/2024,IMG_20240510_203822_689.jpg,tray,#a9acab,neutral,"Comida y Bebida, Sticker"
13/05/2024 11:27,,312,0,0,2,1,326,,,,,-2,13/05/2024,IMG_20240513_122742_155.jpg,person,#604360,neutral,"Sticker, Selfie"
13/05/2024 11:27,,205,0,0,1,0,211,,,,,-2,13/05/2024,IMG_20240513_122744_822.jpg,person,#714a66,happy,"Sticker, Selfie"
22/05/2024 11:11,,223,1,0,5,0,231,,,,,-2,22/05/2024,IMG_20240522_121148_486.jpg,fur_coat,#8f979f,fear,Cuerpo Completo
22/05/2024 11:11,,151,1,0,2,0,155,,,,,-2,22/05/2024,IMG_20240522_121149_820.jpg,garden,#6f7f76,neutral,Otro
22/05/2024 11:11,,133,1,0,1,0,136,,,,,-2,22/05/2024,IMG_20240522_121150_701.jpg,tree,#615f61,neutral,Cuerpo Completo
22/05/2024 11:11,,119,1,0,,0,126,,,,,-2,22/05/2024,IMG_20240522_121151_924.jpg,person,#653b5f,neutral,"Selfie, Sticker"
22/05/2024 11:11,,116,0,0,,0,119,,,,,-2,22/05/2024,IMG_20240522_121153_867.jpg,sculpture,#8a8681,happy,"Cuerpo Completo, Sticker"
22/05/2024 11:11,,109,0,0,,0,113,,,,,-2,22/05/2024,IMG_20240522_121157_356.jpg,sunglasses,#666f7e,happy,"Selfie, Ofrecimiento"
22/05/2024 11:11,,102,0,0,1,1,112,,,,,-2,22/05/2024,IMG_20240522_121200_500.jpg,promo,#7b516a,happy,"Selfie, Ofrecimiento"
28/05/2024 12:31,,980,3,0,14,3,1129,,,,,-2,28/05/2024,IMG_20240528_133155_716.jpg,person,#5ba9dd,happy,"Sticker, Reposteo"
08/08/2024 08:58,"¬°Tengo un nuevo diario de sue√±os!

¬øYa tienes uno?

#houseofinstagram",343,5,0,1,0,432,,,,351,0,08/08/2024,IMG_20240808_095858_487.jpg,journal,#5e1ca8,neutral,Otro
08/08/2024 09:01,"Cafecito en
#houseofinstagram",200,5,0,2,1,251,,,,201,0,08/08/2024,IMG_20240808_100350_212.jpg,"coffee_,mug",#bf5f82,happy,"Selfie, Comida y Bebida"
08/08/2024 20:04,"Un momento 
on√≠rico en
@myacafemx üì∑",658,6,0,3,1,687,,,2,698,0,08/08/2024,IMG_20240808_210516_193.jpg,desk,#586372,happy,"Selfie, Comida y Bebida"
09/08/2024 13:55,En #vidconm√©xico2024,526,6,0,3,1,640,,,,536,0,09/08/2024,IMG_20240809_145528_681.jpg,person,#6a697b,happy,Selfie
09/08/2024 15:59,"La vida
es un sue√±o",415,10,0,2,0,504,,,,432,0,09/08/2024,IMG_20240809_165928_655.jpg,person,#7e798f,happy,Selfie
10/08/2024 09:35,¬°Lista para el d√≠a 2!,810,4,0,5,0,988,,,,848,0,10/08/2024,IMG_20240810_103612_969.jpg,logo,#968fa2,happy,Selfie
10/08/2024 11:44,Vi a Missasinfon√≠a!,685,2,0,8,0,799,,,,698,0,10/08/2024,IMG_20240810_124511_027.jpg,theater,#697479,happy,Selfie
10/08/2024 13:23,Todos los sue√±os tienen significado.... Mis sue√±os cuando tengo hanmbre...,621,4,0,8,0,730,,,,628,0,10/08/2024,IMG_20240810_142353_431.jpg,snack,#687677,happy,"Selfie, Comida y Bebida"
11/08/2024 09:28,¬°Lista para el √∫ltimo d√≠a!,377,3,0,2,0,434,,,,381,0,11/08/2024,IMG_20240811_102832_102.jpg,logo,#97a7af,happy,"Selfie, Comida y Bebida"
11/08/2024 09:28,,255,2,0,1,0,311,,,,260,-2,11/08/2024,IMG_20240811_102840_917.jpg,logo,#a2a2ad,happy},Selfie
11/08/2024 13:55,"¬°Gracias a @jazwareslatam 
por los regalos!

¬°Se los ense√±o al rato!

#SquishmallowsSquad #Encuentra TuSquish",450,2,0,1,1,370,,,6,478,0,11/08/2024,IMG_20240811_145554_516.jpg,promo,#8b90a2,happy,Cuerpo Completo
19/08/2024 08:20,"Mya significa SUE√ëO
en ruso
Y el caf√© es parte
Importante de mi
vida, c√≥mo los
Sue√±os!",238,7,0,3,0,254,,,,240,0,19/08/2024,IMG_20240819_092100_941.jpg,table,#4d5868,happy,"Selfie, Comida y Bebida"
21/08/2024 14:57,"Si quieres compartir tu respuesta, ve a mi canal de IG",544,0,0,8,0,567,,,,576,0,21/08/2024,IMG_20240821_155819_331.jpg,web_site,#f4f4f4,happy,Reposteo
24/08/2024 17:44,"Hoy tuve 
Un d√≠a colorido",21867,33,0,445,1,23058,,1,,22663,0,24/08/2024,IMG_20240824_184445_872.jpg,flowers,#777b89,happy,Selfie
26/08/2024 12:31,Hoy comenc√© el d√≠a reecontr√°ndome con una amiga,1212,7,0,7,1,1138,,,,1260,0,26/08/2024,IMG_20240826_133208_186.jpg,coffee,#7b7283,neutral,"Selfie, Comida y Bebida"
26/08/2024 12:33,,910,0,0,7,0,923,,,,921,-2,26/08/2024,IMG_20240826_133346_199.jpg,hot_pot,#a1acb4,happy,"Comida y Bebida, Sticker"
27/08/2024 16:00,"Todos los
Sue√±os 
Tienen 
Significado",3444,9,0,22,1,3621,,,,3553,0,27/08/2024,IMG_20240827_170051_835.jpg,people,#848390,happy,"Selfie, Sticker"
28/08/2024 10:54,,2859,8,0,8,0,2879,,,,2929,-2,28/08/2024,IMG_20240828_115454_915.jpg,skeleton,#9dc6c0,happy,"Sticker, Reposteo"
29/08/2024 14:36,Recib√≠ mi primer regalo de cumplea√±os que es el lunes,1507,5,0,6,1,1415,,,,1551,0,29/08/2024,IMG_20240829_153625_328.jpg,person,#777183,happy,Selfie
29/08/2024 14:38,"Un Or√°culo 
Creado por una 
Amiga muy 
Querida ¬°Muchas gracias!",1141,3,0,4,1,1131,,,,1158,0,29/08/2024,IMG_20240829_153816_351.jpg,oracle_Deck,#a4a0a9,neutral,Otro
30/08/2024 10:31,¬°Feliz viernes!,6845,15,0,84,1,7186,,,,7070,0,30/08/2024,IMG_20240830_113134_601.jpg,coffee,#7f7e8a,happy,"Selfie, Comida y Bebida"
31/08/2024 11:01,¬°S√°bado social!,7416,10,0,54,0,7791,,1,,7568,0,31/08/2024,IMG_20240831_120114_836.jpg,sunglasses,#6f7c7d,happy,Selfie
01/09/2024 10:39,"¬°No pod√≠a faltar 
Mi platillo 
favorito!",299,1,0,1,0,290,,,,305,0,01/09/2024,IMG_20240901_113918_911.jpg,banjo,#687779,neutral,Otro
01/09/2024 10:39,"C√≥mo buena mexicana, comienzo a celebrar mi cumplea√±os desde antes ü§£",648,3,0,5,2,624,,,,667,0,01/09/2024,IMG_20240901_113919_888.jpg,food,#586172,happy,"Selfie, Comida y Bebida"
01/09/2024 10:39,"¬°Hasta hubo 
Serenata!",387,4,0,4,1,382,,,,398,0,01/09/2024,IMG_20240901_113921_892.jpg,coffee,#605d6c,happy,"Selfie, Comida y Bebida"
01/09/2024 10:39,"Mi adolescente y 
mi mam√° 
me acompa√±aron",326,3,0,1,0,309,,,,330,0,01/09/2024,IMG_20240901_113922_180.jpg,wok,#68739a,neutral,Comida y Bebida
01/09/2024 13:19,¬°Viva M√©xico!,445,2,0,1,0,459,,,,460,0,01/09/2024,IMG_20240901_142009_712.jpg,horse,#878b93,neutral,Otro
02/09/2024 08:43,"¬°Feliz 
cumplea√±os 
A m√≠!",631,4,0,3,1,606,,,,644,0,02/09/2024,IMG_20240902_094358_122.jpg,restaurant,#7e9596,neutral,Cuerpo Completo
02/09/2024 08:47,"¬°Muchas 
Gracias por
Este regalo!
@xrosi.cosx",435,4,0,3,0,435,,,2,444,0,02/09/2024,IMG_20240902_094755_286.jpg,drawing,#83698d,sad,Otro
04/09/2024 09:47,¬°Vive una gran historia a trav√©s de tus sue√±os!,500,2,0,1,0,487,,,,508,0,04/09/2024,IMG_20240904_104815_375.jpg,coffee_mug,#727b85,neutral,Comida y Bebida
06/09/2024 09:16,"¬°Buen
Finde!",2273,6,0,20,2,2366,,1,,2345,0,06/09/2024,IMG_20240906_101635_152.jpg,sunglasses,#989b9d,neutral,Selfie
10/09/2024 13:17,,2302,1,0,6,1,2302,,,,2344,-2,10/09/2024,IMG_20240910_141722_782.jpg,coffee_mug,#746c75,happy,"Selfie, Sticker"
13/09/2024 09:44,Estoy lista para dar una clase sobre Trabajo con sue√±os y marketing para @institutefordreamstudies,1621,2,0,6,0,1672,,1,,1695,0,13/09/2024,IMG_20240913_104424_190.jpg,promo,#501b44,happy,"Selfie, Ofrecimiento"
15/09/2024 18:43,Y hoy toc√≥ fiesta mexicana,11531,14,0,104,1,11795,,,,11810,0,15/09/2024,IMG_20240915_194319_855.jpg,church,#848694,happy,"Selfie, Con otras personas"
20/09/2024 10:30,"Feliz 
Finde!",4924,7,0,59,0,5192,,1,,5123,0,20/09/2024,IMG_20240920_113051_444.jpg,coffee_mug,#5e6171,happy,"Selfie, Comida y Bebida"
25/09/2024 10:07,"But first,
Coffee",3570,5,0,15,0,3675,,,,3642,0,25/09/2024,IMG_20240925_110812_513.jpg,coffee_mug,#8283a0,happy,"Selfie, Comida y Bebida, Con otras personas"
30/09/2024 09:20,"Bonito inicio 
de semana",2172,4,0,9,0,2247,,,,2232,0,30/09/2024,IMG_20240930_102024_628.jpg,coffee_mug,#6a6c80,happy,"Selfie, Comida y Bebida"
02/10/2024 16:34,A punto de comenzar entrenamiento presencial para a @ekrmexico  y @espaciofim,3515,8,0,13,0,3600,,,,3644,0,02/10/2024,IMG_20241002_173511_936.jpg,board,#696c7f,happy,Selfie
03/10/2024 17:11,Hoy me toc√≥ guiar una meditaci√≥n para conectar con nuestros ancestros en el entrenamiento presencial para @ekrmexico  y @espaciofim,3076,11,0,10,2,3114,,,,3168,0,03/10/2024,IMG_20241003_181131_967.jpg,people,#585862,happy,"Selfie, Con otras personas"
05/10/2024 08:21,Comenc√© el d√≠a registrando mis sue√±os y prepar√°ndome para explorarlos con el equipo de doulas que estamos capacitando para @ekrmexico  y @espaciofim,4362,3,0,44,0,4251,,,,4487,0,05/10/2024,IMG_20241005_092140_366.jpg,journal,#705f75,neutral,Selfie
07/10/2024 09:35,"Buen inicio 
de semana",2089,3,0,17,0,2180,,,,2143,0,07/10/2024,IMG_20241007_103555_562.jpg,person,#7f7886,happy,Selfie
11/10/2024 13:24,"¬°Buen
Finde!",6287,8,0,38,0,6589,,,,6518,0,11/10/2024,IMG_20241011_142430_167.jpg,coffee_mug,#6b657f,happy,"Selfie, Comida y Bebida"
12/10/2024 16:42,"Disfrutando
el s√°bado üòã",10792,10,0,77,1,11414,,,,11324,0,12/10/2024,IMG_20241012_174226_572.jpg,restaurant,#5d626e,happy,"Selfie, Comida y Bebida"
14/10/2024 10:55,"¬°Feliz inicio
de semana! Que tus
sue√±os te
acompa√±en üôå",6414,14,0,39,0,6475,,,,6545,0,14/10/2024,IMG_20241014_115546_008.jpg,person,#656a7e,happy,Selfie
16/10/2024 14:21,"¬°Ya es 
mitad de
semana!",2959,4,0,32,0,3139,,,,3119,0,16/10/2024,IMG_20241016_152147_493.jpg,can,#5e6473,happy,"Selfie, Comida y Bebida"
18/10/2024 07:47,"¬°Feliz 
viernes!",4127,7,0,26,2,4397,,,,4365,0,18/10/2024,IMG_20241018_084721_523.jpg,coffe_mug,#666972,happy,"Selfie, Comida y Bebida"
23/10/2024 09:14,"¬°He tenido un par de semanas muy ocupadas, por fin pude tomarme un tiempo para saludarte!",5244,9,0,47,1,5220,,,,5383,0,23/10/2024,IMG_20241023_101418_014.jpg,coffee_mug,#787782,happy,"Selfie, Comida y Bebida"
24/10/2024 16:55,,284,3,0,,0,281,,,2,290,-2,24/10/2024,IMG_20241024_175810_262.jpg,journal,#d0dada,happy,Reposteo
24/10/2024 16:55,,181,0,0,,0,175,,,,183,-2,24/10/2024,IMG_20241024_175722_158.jpg,journal,#767370,happy,Reposteo
26/10/2024 15:37,"Buen 
finde!",8236,13,0,35,2,8511,,,,8406,0,26/10/2024,IMG_20241026_164513_758.jpg,witch,#757a81,happy,"Selfie, Cuerpo Completo"
02/11/2024 12:44,"D√≠a de
disfrutar de
nuestras 
tradiciones",11807,14,0,61,2,12136,,,,12336,0,02/11/2024,IMG_20241102_134516_414.jpg,flowers,#546579,happy,Selfie
04/11/2024 16:27,"Buen inicio 
de semana",3543,4,0,36,0,3677,,,,3674,0,04/11/2024,IMG_20241104_182808_806.jpg,person,#797a8e,happy,Selfie
06/11/2024 05:57,"¬°Ya estamos 
a mitad de
semana!",4597,7,0,18,0,4758,,,,4811,0,06/11/2024,IMG_20241106_075815_912.jpg,coffee,#616979,happy,"Selfie, Comida y Bebida"
07/11/2024 09:46,"Una hada
madrina me
trajo un regalo
de Brasil
¬°Gracias!",314,1,0,1,0,301,,,,329,0,07/11/2024,IMG_20241107_115118_435.jpg,person,#797a87,happy,"Selfie, Sticker"
07/11/2024 09:51,"¬°Puedes poner
atenci√≥n a
tus sue√±os!",160,0,0,,0,150,,,,165,0,07/11/2024,IMG_20241107_114701_125.jpg,box,#7c7c8c,happy,"Selfie, Comida y Bebida"
11/11/2024 10:57,"¬°Buen inicio 
de semana!",5384,11,0,49,1,5510,,2,,5486,0,11/11/2024,IMG_20241111_125752_550.jpg,flowers,#606873,happy,Selfie
18/11/2024 09:25,"¬°Buen
inicio de
semana!",3450,3,0,38,0,3594,,,,3548,0,18/11/2024,IMG_20241118_112608_735.jpg,person,#7b7279,surprise,Selfie
22/11/2024 09:13,"¬°Buen
Finde!",5058,8,0,55,1,5191,,,,5167,0,22/11/2024,IMG_20241122_111341_745.jpg,coffee_mug,#747379,happy,"Selfie, Comida y Bebida"
25/11/2024 11:43,"¬°Buen
inicio de
semana!",3648,8,0,38,0,3855,,,,3828,0,25/11/2024,IMG_20241125_134326_129.jpg,street,#777584,happy,Selfie
01/12/2024 12:11,"Tengo c√≥mo pr√°ctica publicar un agradecimiento diario durante el mes de Diciembre para empezar el a√±o nuevo con el coraz√≥n lleno de gratitud. 

¬°Comienzo agradeciendo que me sigues!

¬øTu qu√© agradeces hoy?",6064,16,0,30,1,6003,,,,6211,0,01/12/2024,IMG_20241201_141206_037.jpg,desk,#7d7a8b,happy,Selfie
02/12/2024 12:21,"Hoy agradezco todos los sue√±os, los m√≠os, los de ustedes, los que recordamos, los que olvidamos... porque son parte de nosotros.

¬øTu qu√© agradeces hoy?",2222,9,0,13,1,2264,,,,2309,0,02/12/2024,IMG_20241202_142153_605.jpg,dream_catcher,#7f87b1,happy,Selfie
04/12/2024 14:24,"Hoy agradezco ser mam√°, a√∫n con todo lo dif√≠cil que resulta a veces.

Foto de hace 7 a√±os, cuando ten√≠a el pelo azul.

¬øTu qu√© agradeces hoy?",8147,7,0,51,0,7999,,,,8307,0,04/12/2024,IMG_20241204_162420_929.jpg,people,#7b6089,happy,Con otras personas
05/12/2024 14:50,"Hoy agradezco mi amistad de casi 30 a√±os(!!!) con @monica_tay_reznor  no me alcanza un post para contar todo lo que hemos vivido juntas. Tqm amiga.

¬øTu qu√© agradeces hoy?",10516,10,0,50,0,10645,,,2,10801,0,05/12/2024,IMG_20241205_165049_657.jpg,people,#8083a7,sad,Con otras personas
06/12/2024 16:48,"Hoy agradezco ser parte de @ekrmexico  y de su espacio formativo @espaciofim  pero sobre todo, caminar este camino a lado de @wilka_roig  qui√©n siempre es una gran inspiraci√≥n y apoyo para m√≠, y @dra.sandra.reyes  que siempre me impulsa a ser mejor e igualmente es un gran apoyo. ¬°Las quiero mucho!

¬øTu qu√© agradeces hoy?",7047,5,0,12,0,7037,,,,7195,0,06/12/2024,IMG_20241206_184833_967.jpg,people,#657498,happy,Con otras personas
07/12/2024 17:49,"Hoy agradezco la presencia en mi vida de mi perrisobrina, est√° bien esponjosita y me gusta mucho acariciarla.... Me da mucha ternura su alegr√≠a por cosas simples, c√≥mo salir a pasear y que se toma muy en serio su papel de guardiana. üêï

¬øTu qu√© agradeces hoy?",5790,8,0,10,0,5708,,,,5919,0,07/12/2024,IMG_20241207_195008_629.jpg,dog,#898197,neutral,Otro
09/12/2024 07:47,"Hoy agradezco todo el apoyo que me brindan en la maternidad @titeresdeluna  Ginna Vazkez y @cgaribi (no tenemos foto!).

¬°Las quiero y nos vemos en la posada!",9067,5,0,23,0,9170,,,5,9264,0,09/12/2024,IMG_20241209_094758_667.jpg,group_of_people,#7a728c,happy,Con otras personas
10/12/2024 11:13,"Hoy agradezco que, en abril pasado, ¬°me invitaron a las oficinas de Meta en M√©xico! Fue una gran experiencia. ¬øTu qu√© 
agradeces hoy?",4719,6,0,25,1,4688,,,,4790,0,10/12/2024,IMG_20241210_131348_346.jpg,person,#807977,happy,Selfie
11/12/2024 12:46,,7010,6,0,35,0,7030,,,,7164,-2,11/12/2024,IMG_20241211_135550_333.jpg,logo,#894f9e,happy,"Con otras personas, Cuerpo Completo"
12/12/2024 13:24,"Hoy doy las gracias por todos los creadores de contenido que he tenido la oportunidad de conocer y con los que he podido convivir y aprender mucho de ellos.

¬øTu qu√© agradeces hoy? @saga_amiga 
@tejiendocontax 
@isabelninna 
@jacqui_gonzd 
@soydominik__05  Y me faltaron en la foto
@kristiangabriel 
@los_paisajes_de_ali 
@koketinashow 
@rickyklehr 
@recorriendomitierra",7372,6,0,8,2,2348,,,2,7579,0,12/12/2024,IMG_20241212_152508_373.jpg,logo,#c591c9,happy,Con otras personas
13/12/2024 15:48,"Hoy agradezco la oportunidad que tuve de asistir a Vidcon y por todo lo que aprend√≠ de grandes creadores de contenido.

¬øTu qu√© agradeces hoy?",12558,6,0,48,0,12268,,,,12818,0,13/12/2024,IMG_20241213_174908_771.jpg,sign,#7c778b,happy,Selfie
14/12/2024 19:32,"Hoy agradezco la coffee experience a la que me invitaron en @myacafemx  y a las hermosas fotos que me sac√≥ @los_paisajes_de_ali 

¬øTu qu√© agradeces hoy?",4332,3,0,11,0,4372,,,,4587,0,14/12/2024,IMG_20241214_213236_980.jpg,guillotine,#585f71,happy,"Comida y Bebida, Cuerpo Completo"
15/12/2024 19:49,"Hoy agradezco que mi bendi se tome el tiempo de explicarme los memes, aunque se r√≠a de m√≠ en el proceso.

¬øTu qu√© agradeces? *foto aprobada
por la bendi",6018,7,0,21,0,5701,,,,6152,0,15/12/2024,IMG_20241215_215004_342.jpg,park,#999ba0,happy,Con otras personas
17/12/2024 08:56,"Ustedes no saben, pero doy clases a ni√±os de primaria. Este a√±o hicimos cortometrajes de stop motion, un audio cuento, un podcast, hemos ido a un programa de radio y estamos por lanzar un canal de Youtube.

Hoy agradezco la oportunidad que tengo de aprender tanto de mis alumnos.

¬øTu qu√© agradeces hoy?",5285,10,0,32,1,5270,,,,5423,0,17/12/2024,IMG_20241217_105637_371.jpg,classroom,#8b8493,happy,Selfie
18/12/2024 10:09,"Porque no se vive s√≥lo de sue√±os, hoy agradezco haber tomado la decisi√≥n de certificarme en Data Science y Machine Learning.

¬øTu qu√© agradeces hoy?",504,3,1,2,1,508,,,,530,0,18/12/2024,IMG_20241218_121747_857.jpg,person,#736f7a,happy,"Selfie, Sticker"
18/12/2024 10:17,Estoy pensando en hacer una cuenta nueva sobre tecnolog√≠a y programaci√≥n.,330,1,0,2,0,318,,,,337,0,18/12/2024,IMG_20241218_120938_679.jpg,certificate,#71737a,happy,Selfie
19/12/2024 14:35,"Agradezco la
oportunidad de
viajar.

¬øTu qu√© agradeces hoy?",5638,10,0,26,1,5580,,,,5738,0,19/12/2024,IMG_20241219_163537_270.jpg,seat_belt,#716b6f,happy,Selfie
20/12/2024 18:25,"Hoy agradezco que, despu√©s de a√±os de estar grabando videos en la calle, finalmente encontr√© c√≥mo integrarlos a mi contenido.

¬øTu qu√© agradeces hoy?",1112,6,0,5,0,1050,,,,1173,0,20/12/2024,IMG_20241220_202547_970.jpg,scene,#8d8486,happy,Cuerpo Completo
22/12/2024 13:54,"Hoy agradezco la clase para hacer mole a la que fui !

¬øTu qu√© agradeces hoy?",11464,5,0,29,0,10993,,,,11712,0,22/12/2024,IMG_20241222_155459_612.jpg,kitchen,#666974,neutral,Cuerpo Completo
24/12/2024 11:50,¬°Feliz Navidad!,7994,6,0,54,0,8634,,,,8477,0,24/12/2024,IMG_20241224_135057_364.jpg,lights,#707683,neutral,Selfie
25/12/2024 16:50,"Hoy es un buen s√°bado para no hacer nada...
¬°Aunque sea Mi√©rcoles!",9136,14,0,42,1,9011,,,,9335,0,25/12/2024,IMG_20241225_185115_547.jpg,stole,#7b7376,happy,"Selfie, Con otras personas"
03/01/2025 13:10,"¬°Feliz primer
fin de semana 
del a√±o!",13929,8,0,169,1,14468,,1,,14440,0,03/01/2025,IMG_20250103_151034_782.jpg,hall,#535a77,neutral,Selfie
05/01/2025 10:41,"En la recta final
del Guadalupe Reyes",11451,3,0,29,0,11814,,,,12098,0,05/01/2025,IMG_20250105_124127_869.jpg,coffee_mug,#858387,happy,"Selfie, Comida y Bebida"
13/01/2025 07:32,"¬°Buen inicio
de semana!",8790,8,0,88,1,9100,,,,8998,0,13/01/2025,IMG_20250113_093221_483.jpg,coffee_mug,#838593,happy,"Selfie, Comida y Bebida"
17/01/2025 09:19,¬°Feliz finde!,7711,8,0,52,1,7945,,,,7889,0,17/01/2025,IMG_20250117_112006_771.jpg,person,#5c616b,happy,"Selfie, Comida y Bebida"
20/01/2025 13:06,"¬°Buen inicio 
de semana!",5697,5,0,38,0,5903,,,,5809,0,20/01/2025,IMG_20250120_150630_215.jpg,person,#595e67,happy,Selfie
