hora_de_publicacion,alcance,me_gusta,veces_que_se_compartio,visitas_al_perfil,respuestas,navegacion,clics_en_el_enlace,seguimientos,toques_en_stickers,visualizaciones,sentimiento_score,fecha,nombre_archivo,objeto_principal,color_dominante,emocion_primaria,categor√≠a
2023-12-31 10:17:00,750.0,4,0,3.0,0,762.0,,,,,0.0,2023-12-31,img_20231231_121800_778.JPG,quote,#251b23,angry,"Sticker, Reposteo"
2023-12-29 13:44:00,555.0,8,0,,2,620.0,76.0,,,,-2.0,2023-12-29,img_20231229_120935_441.JPG,flowers,#aa7f9f,happy,"Otro, Sticker"
2023-12-29 13:44:00,555.0,8,0,,2,620.0,76.0,,,,-2.0,2023-12-29,img_20231229_154437_750.JPG,web_site,#f3caea,neutral,"Ofrecimiento, Enlace"
2023-12-29 10:09:00,841.0,3,0,3.0,0,840.0,,,,,0.0,2023-12-29,img_20231229_120935_441.JPG,flowers,#aa7f9f,happy,"Otro, Sticker"
2023-12-29 10:09:00,841.0,3,0,3.0,0,840.0,,,,,0.0,2023-12-29,img_20231229_154437_750.JPG,web_site,#f3caea,neutral,"Ofrecimiento, Enlace"
2023-12-28 07:21:00,401.0,1,0,4.0,0,389.0,,,,,-2.0,2023-12-28,img_20231228_092223_407.JPG,person,#5e473a,sad,"Sticker, Cuerpo Completo"
2023-12-27 15:06:00,8231.0,4,0,62.0,0,8064.0,,,,,0.0,2023-12-27,img_20231227_170637_259.JPG,witch,#67626a,happy,Selfie
2023-12-25 13:12:00,1560.0,7,0,9.0,0,1546.0,,,,,0.0,2023-12-25,img_20231225_111317_831.JPG,oracle_deck,#9b7f95,happy,"Cuerpo Completo, Sticker"
2023-12-25 13:12:00,1560.0,7,0,9.0,0,1546.0,,,,,0.0,2023-12-25,img_20231225_151219_549.JPG,toys,#55779b,happy,Reposteo
2023-12-25 09:13:00,828.0,6,1,2.0,0,857.0,,,,,0.0,2023-12-25,img_20231225_111317_831.JPG,oracle_deck,#9b7f95,happy,"Cuerpo Completo, Sticker"
2023-12-25 09:13:00,828.0,6,1,2.0,0,857.0,,,,,0.0,2023-12-25,img_20231225_151219_549.JPG,toys,#55779b,happy,Reposteo
2023-12-23 09:05:00,336.0,2,0,,0,309.0,,,,,0.0,2023-12-23,img_20231223_110557_952.JPG,screen,#534e38,happy,Reposteo
2023-12-23 09:05:00,336.0,2,0,,0,309.0,,,,,0.0,2023-12-23,img_20231223_110559_012.JPG,television,#555b3c,sad,Reposteo
2023-12-23 09:05:00,473.0,3,0,1.0,0,450.0,,,,,0.0,2023-12-23,img_20231223_110557_952.JPG,screen,#534e38,happy,Reposteo
2023-12-23 09:05:00,473.0,3,0,1.0,0,450.0,,,,,0.0,2023-12-23,img_20231223_110559_012.JPG,television,#555b3c,sad,Reposteo
2023-12-22 16:27:00,1133.0,5,0,3.0,0,1127.0,,,,,0.0,2023-12-22,IMG_20231222_182937_798.jpg,coffee_mug,#4e4f66,happy,Comida y Bebida
2023-12-22 16:27:00,1133.0,5,0,3.0,0,1127.0,,,,,0.0,2023-12-22,img_20231222_182817_998.JPG,coffee_mug,#4c4d63,happy,Comida y Bebida
2023-12-20 15:51:00,847.0,4,0,3.0,0,849.0,,,,,0.0,2023-12-20,img_20231220_175120_219.JPG,dining_table,#5b6b8a,neutral,Comida y Bebida
2023-12-18 15:36:00,861.0,6,0,6.0,0,871.0,,,,,0.0,2023-12-18,img_20231218_173716_965.JPG,coffee_mug,#6c7089,happy,"Selfie, Comida y Bebida"
2023-12-14 16:53:00,1168.0,5,0,15.0,0,1160.0,,,,,0.0,2023-12-14,img_20231214_185323_269.JPG,person,#8c8399,happy,Selfie
2023-12-13 11:14:00,183.0,1,0,,0,195.0,3.0,,,,-2.0,2023-12-13,img_20231213_131506_349.JPG,person,#733d5d,neutral,"Sticker, Cuerpo Completo"
2023-12-13 11:14:00,183.0,1,0,,0,195.0,3.0,,,,-2.0,2023-12-13,img_20231213_131509_899.JPG,promo,#514940,happy,"Ofrecimiento, Enlace, Cuerpo Completo"
2023-12-13 11:14:00,316.0,1,0,3.0,0,317.0,,,,,-2.0,2023-12-13,img_20231213_131506_349.JPG,person,#733d5d,neutral,"Sticker, Cuerpo Completo"
2023-12-13 11:14:00,316.0,1,0,3.0,0,317.0,,,,,-2.0,2023-12-13,img_20231213_131509_899.JPG,promo,#514940,happy,"Ofrecimiento, Enlace, Cuerpo Completo"
2023-08-12 07:53:00,526.0,6,0,1.0,3,528.0,,,,,0.0,2023-08-12,IMG_20230812_214312_621.JPG,street_sign,#594a6f,neutral,Otro
2023-08-12 07:40:00,627.0,1,0,2.0,1,614.0,,,,,0.0,2023-08-12,IMG_20230812_214312_621.JPG,street_sign,#594a6f,neutral,Otro
2023-01-12 06:06:00,299.0,2,0,2.0,0,301.0,2.0,,,,-2.0,2023-01-12,IMG_20230112_154949_486.jpg,people,#6c79bd,happy,Reposteo
2023-11-29 07:28:00,363.0,2,0,2.0,0,353.0,,,,,0.0,2023-11-29,img_20231129_092822_072.JPG,oracle_deck,#857485,neutral,Otro
2023-11-27 09:57:00,4916.0,3,0,40.0,3,4955.0,,,,,0.0,2023-11-27,img_20231127_115721_790.JPG,plate,#8a92a0,neutral,"Comida y Bebida, Sticker"
2023-11-20 09:44:00,7545.0,3,0,56.0,0,7450.0,,,,,0.0,2023-11-20,img_20231120_114518_579.JPG,wok,#95989e,neutral,"Comida y Bebida, Sticker"
2023-11-14 15:09:00,1117.0,5,0,13.0,0,1124.0,,,,,0.0,2023-11-14,img_20231114_171018_259.JPG,oracle_deck,#6b5a5b,happy,Otro
2023-11-13 10:39:00,4649.0,11,0,15.0,0,4643.0,,,,,0.0,2023-11-13,img_20231113_124011_527.JPG,landscape,#aea38e,neutral,Otro
2023-01-11 15:23:00,1395.0,2,0,7.0,0,1404.0,,,,,0.0,2023-01-11,IMG_20230111_090246_054.jpg,espresso,#b4bbce,sad,Comida y Bebida
2023-01-11 10:15:00,537.0,4,0,2.0,0,528.0,,,,,0.0,2023-01-11,IMG_20230111_090246_054.jpg,espresso,#b4bbce,sad,Comida y Bebida
2023-10-31 17:08:00,273.0,1,0,1.0,0,268.0,,,,,-2.0,2023-10-31,img_20231031_090116_142.JPG,espresso,#90a2ba,neutral,Comida y Bebida
2023-10-31 17:08:00,273.0,1,0,1.0,0,268.0,,,,,-2.0,2023-10-31,img_20231031_104302_997.JPG,carton,#8e9098,happy,Otro
2023-10-31 17:08:00,273.0,1,0,1.0,0,268.0,,,,,-2.0,2023-10-31,img_20231031_17342_753.JPG,bagel,#5a7795,happy,Comida y Bebida
2023-10-31 17:08:00,273.0,1,0,1.0,0,268.0,,,,,-2.0,2023-10-31,img_20231031_180907_348.JPG,cake,#6984b4,neutral,Comida y Bebida
2023-10-31 16:37:00,307.0,2,0,,0,292.0,,,,,0.0,2023-10-31,img_20231031_090116_142.JPG,espresso,#90a2ba,neutral,Comida y Bebida
2023-10-31 16:37:00,307.0,2,0,,0,292.0,,,,,0.0,2023-10-31,img_20231031_104302_997.JPG,carton,#8e9098,happy,Otro
2023-10-31 16:37:00,307.0,2,0,,0,292.0,,,,,0.0,2023-10-31,img_20231031_17342_753.JPG,bagel,#5a7795,happy,Comida y Bebida
2023-10-31 16:37:00,307.0,2,0,,0,292.0,,,,,0.0,2023-10-31,img_20231031_180907_348.JPG,cake,#6984b4,neutral,Comida y Bebida
2023-10-31 09:42:00,346.0,3,0,1.0,0,328.0,,,,,0.0,2023-10-31,img_20231031_090116_142.JPG,espresso,#90a2ba,neutral,Comida y Bebida
2023-10-31 09:42:00,346.0,3,0,1.0,0,328.0,,,,,0.0,2023-10-31,img_20231031_104302_997.JPG,carton,#8e9098,happy,Otro
2023-10-31 09:42:00,346.0,3,0,1.0,0,328.0,,,,,0.0,2023-10-31,img_20231031_17342_753.JPG,bagel,#5a7795,happy,Comida y Bebida
2023-10-31 09:42:00,346.0,3,0,1.0,0,328.0,,,,,0.0,2023-10-31,img_20231031_180907_348.JPG,cake,#6984b4,neutral,Comida y Bebida
2023-10-31 08:00:00,412.0,6,0,,0,411.0,,,,,0.0,2023-10-31,img_20231031_090116_142.JPG,espresso,#90a2ba,neutral,Comida y Bebida
2023-10-31 08:00:00,412.0,6,0,,0,411.0,,,,,0.0,2023-10-31,img_20231031_104302_997.JPG,carton,#8e9098,happy,Otro
2023-10-31 08:00:00,412.0,6,0,,0,411.0,,,,,0.0,2023-10-31,img_20231031_17342_753.JPG,bagel,#5a7795,happy,Comida y Bebida
2023-10-31 08:00:00,412.0,6,0,,0,411.0,,,,,0.0,2023-10-31,img_20231031_180907_348.JPG,cake,#6984b4,neutral,Comida y Bebida
2023-10-30 12:41:00,202.0,0,0,,0,198.0,,,,,0.0,2023-10-30,img_20231030_134200_340.JPG,coffee_mug,#9898a0,sad,"Selfie, Comida y Bebida"
2023-10-29 15:11:00,7241.0,5,0,29.0,0,7235.0,,,4.0,,-2.0,2023-10-29,img_20231029_16114_271.JPG,people,#9c96b2,happy,"Reposteo, Con otras personas"
2023-10-25 17:58:00,2591.0,2,0,16.0,0,2619.0,,,,,0.0,2023-10-25,img_20231025_185900_681.JPG,toy,#545b73,sad,Otro
2023-10-23 10:12:00,1567.0,3,0,6.0,0,1616.0,,,,,0.0,2023-10-23,img_20231023_111222_164.JPG,food,#54606c,neutral,Comida y Bebida
2023-10-19 09:17:00,1533.0,2,0,14.0,0,1623.0,,,,,0.0,2023-10-19,img_20231019_101739_145.JPG,coffee,#778691,happy,Comida y Bebida
2023-10-16 10:19:00,6409.0,8,0,21.0,0,6576.0,,,,,0.0,2023-10-16,img_20231016_111931_352.JPG,fruit,#5c6980,neutral,Comida y Bebida
2023-10-14 17:30:00,5121.0,8,0,32.0,2,5180.0,,,,,0.0,2023-10-14,img_20231014_183052_868.JPG,cookie,#5e5d74,neutral,"Selfie, Comida y Bebida"
2023-05-10 13:43:00,801.0,1,0,5.0,0,802.0,,,,,0.0,2023-05-10,img_20230510_105830_075.JPG,candy,#8a8496,happy,"Selfie, Comida y Bebida"
2023-02-10 10:20:00,232.0,1,0,,0,225.0,,,,,-2.0,2023-02-10,IMG_20230210_131835_344.jpg,background_color,#779aac,happy,"Reposteo, Sticker"
2023-02-10 10:20:00,232.0,1,0,,0,225.0,,,,,-2.0,2023-02-10,IMG_20230210_131753_231.jpg,background_color,#c7c0d3,sad,Reposteo
2023-02-10 10:17:00,414.0,2,0,,0,438.0,,,,,-2.0,2023-02-10,IMG_20230210_131835_344.jpg,background_color,#779aac,happy,"Reposteo, Sticker"
2023-02-10 10:17:00,414.0,2,0,,0,438.0,,,,,-2.0,2023-02-10,IMG_20230210_131753_231.jpg,background_color,#c7c0d3,sad,Reposteo
2023-05-07 20:59:00,704.0,1,0,2.0,0,703.0,,,,,-2.0,2023-05-07,img_20230507_094152_08.JPG,quote,#52565f,happy,Reposteo
2023-09-29 09:58:00,456.0,1,0,5.0,0,462.0,,,,,-2.0,2023-09-29,img_20230929_105901_289.JPG,quote,#a5c9d9,happy,Reposteo
2023-09-26 14:55:00,881.0,2,0,11.0,0,892.0,,,,,0.0,2023-09-26,img_20230926_155613_230.JPG,web_site,#cdcfd6,neutral,"Reposteo, Sticker"
2023-09-22 10:26:00,721.0,1,0,8.0,0,756.0,,,,,0.0,2023-09-22,img_20230922_112624_757.JPG,sunglasses,#8993a8,happy,"Selfie, Comida y Bebida"
2023-09-19 21:42:00,338.0,1,0,3.0,0,328.0,,,,,-2.0,2023-09-19,img_20230919_211326_765.JPG,tv,#585d5e,happy,"Otro, Sticker"
2023-09-19 21:42:00,338.0,1,0,3.0,0,328.0,,,,,-2.0,2023-09-19,img_20230919_224225_448.JPG,tv,#8a756b,sad,Otro
2023-09-19 20:13:00,590.0,1,0,7.0,1,584.0,,,,,-2.0,2023-09-19,img_20230919_211326_765.JPG,tv,#585d5e,happy,"Otro, Sticker"
2023-09-19 20:13:00,590.0,1,0,7.0,1,584.0,,,,,-2.0,2023-09-19,img_20230919_224225_448.JPG,tv,#8a756b,sad,Otro
2023-09-18 12:25:00,324.0,1,0,1.0,0,325.0,,,,,0.0,2023-09-18,img_20230918_132526_627.JPG,web_site,#f0ecf0,neutral,Reposteo
2023-09-13 08:17:00,495.0,3,0,4.0,0,489.0,,,,,0.0,2023-09-13,img_20230913_091736_225.JPG,web_site,#628479,happy,Reposteo
2023-08-31 14:03:00,1117.0,5,0,5.0,1,1062.0,,,,,-2.0,2023-08-31,img_20230831_150332_484.JPG,web_site,#bdb7bc,neutral,"Otro, Sticker"
2023-08-14 11:35:00,1782.0,1,0,10.0,2,1779.0,,,,,-2.0,2023-08-14,img_20230814_123530_258.JPG,web_site,#b7b8b9,neutral,"Otro, Sticker"
2023-12-08 20:43:00,744.0,3,0,5.0,0,749.0,,,,,0.0,2023-12-08,img_20231208_094046_142.JPG,web_site,#c9b0a9,fear,Comida y Bebida
2023-12-08 20:43:00,744.0,3,0,5.0,0,749.0,,,,,0.0,2023-12-08,img_20231208_095334_773.JPG,person,#ab8c93,neutral,"Cuerpo Completo, Sticker"
2023-08-08 18:48:00,529.0,6,0,2.0,0,495.0,3.0,,,,-2.0,2023-08-08,IMG_20230808_194851_186.JPG,promo,#6d2f5e,happy,"Selfie, Ofrecimiento, Enlace"
2023-03-08 13:31:00,711.0,3,0,19.0,0,736.0,,,,,-2.0,2023-03-08,IMG_20230308_164700_665.jpg,background_color,#a98ba9,neutral,"Con otras personas, Reposteo"
2023-07-27 19:47:00,721.0,1,0,2.0,0,722.0,,,,,-2.0,2023-07-27,IMG_20230727_204800_793.JPG,web_site,#cecdcf,surprise,"Sticker, Reposteo"
2023-07-22 07:19:00,555.0,3,0,7.0,0,577.0,,,,,-2.0,2023-07-22,IMG_20230722_082353_222.JPG,book,#6e6976,sad,Otro
2023-07-22 07:19:00,555.0,3,0,7.0,0,577.0,,,,,-2.0,2023-07-22,IMG_20230722_091940_212.JPG,library,#706576,happy,"Selfie, Sticker"
2023-07-22 06:23:00,611.0,2,0,,0,608.0,,,,,0.0,2023-07-22,IMG_20230722_082353_222.JPG,book,#6e6976,sad,Otro
2023-07-22 06:23:00,611.0,2,0,,0,608.0,,,,,0.0,2023-07-22,IMG_20230722_091940_212.JPG,library,#706576,happy,"Selfie, Sticker"
2023-07-21 17:40:00,406.0,1,0,3.0,0,398.0,,,,,0.0,2023-07-21,IMG_20230721_193331_027.JPG,airplane,#5f606e,happy,"Selfie, Sticker"
2023-07-21 17:40:00,406.0,1,0,3.0,0,398.0,,,,,0.0,2023-07-21,IMG_20230721_194103_803.JPG,coffee,#787a87,sad,"Selfie, Comida y Bebida"
2023-07-21 17:33:00,724.0,2,0,6.0,0,733.0,,1.0,,,0.0,2023-07-21,IMG_20230721_193331_027.JPG,airplane,#5f606e,happy,"Selfie, Sticker"
2023-07-21 17:33:00,724.0,2,0,6.0,0,733.0,,1.0,,,0.0,2023-07-21,IMG_20230721_194103_803.JPG,coffee,#787a87,sad,"Selfie, Comida y Bebida"
2023-07-20 16:36:00,335.0,0,0,1.0,0,293.0,3.0,,,,-2.0,2023-07-20,IMG_20230720_173636_071.JPG,web_site,#812b57,happy,Ofrecimiento
2023-07-20 16:36:00,335.0,0,0,1.0,0,293.0,3.0,,,,-2.0,2023-07-20,IMG_20230720_173637_701.JPG,web_site,#aa5d7e,neutral,Ofrecimiento
2023-07-20 16:36:00,335.0,0,0,1.0,0,293.0,3.0,,,,-2.0,2023-07-20,IMG_20230720_173638_825.JPG,web_site,#a04c6f,neutral,Ofrecimiento
2023-07-20 16:36:00,335.0,0,0,1.0,0,293.0,3.0,,,,-2.0,2023-07-20,IMG_20230720_173649_077.JPG,web_site,#a25071,neutral,"Ofrecimiento, Enlace"
2023-07-20 16:36:00,363.0,0,0,,0,303.0,,,,,-2.0,2023-07-20,IMG_20230720_173636_071.JPG,web_site,#812b57,happy,Ofrecimiento
2023-07-20 16:36:00,363.0,0,0,,0,303.0,,,,,-2.0,2023-07-20,IMG_20230720_173637_701.JPG,web_site,#aa5d7e,neutral,Ofrecimiento
2023-07-20 16:36:00,363.0,0,0,,0,303.0,,,,,-2.0,2023-07-20,IMG_20230720_173638_825.JPG,web_site,#a04c6f,neutral,Ofrecimiento
2023-07-20 16:36:00,363.0,0,0,,0,303.0,,,,,-2.0,2023-07-20,IMG_20230720_173649_077.JPG,web_site,#a25071,neutral,"Ofrecimiento, Enlace"
2023-07-20 16:36:00,407.0,1,0,,0,348.0,,,,,-2.0,2023-07-20,IMG_20230720_173636_071.JPG,web_site,#812b57,happy,Ofrecimiento
2023-07-20 16:36:00,407.0,1,0,,0,348.0,,,,,-2.0,2023-07-20,IMG_20230720_173637_701.JPG,web_site,#aa5d7e,neutral,Ofrecimiento
2023-07-20 16:36:00,407.0,1,0,,0,348.0,,,,,-2.0,2023-07-20,IMG_20230720_173638_825.JPG,web_site,#a04c6f,neutral,Ofrecimiento
2023-07-20 16:36:00,407.0,1,0,,0,348.0,,,,,-2.0,2023-07-20,IMG_20230720_173649_077.JPG,web_site,#a25071,neutral,"Ofrecimiento, Enlace"
2023-07-20 16:36:00,621.0,2,0,,0,544.0,,,,,-2.0,2023-07-20,IMG_20230720_173636_071.JPG,web_site,#812b57,happy,Ofrecimiento
2023-07-20 16:36:00,621.0,2,0,,0,544.0,,,,,-2.0,2023-07-20,IMG_20230720_173637_701.JPG,web_site,#aa5d7e,neutral,Ofrecimiento
2023-07-20 16:36:00,621.0,2,0,,0,544.0,,,,,-2.0,2023-07-20,IMG_20230720_173638_825.JPG,web_site,#a04c6f,neutral,Ofrecimiento
2023-07-20 16:36:00,621.0,2,0,,0,544.0,,,,,-2.0,2023-07-20,IMG_20230720_173649_077.JPG,web_site,#a25071,neutral,"Ofrecimiento, Enlace"
2023-07-19 08:50:00,492.0,1,0,2.0,0,462.0,,,,,-2.0,2023-07-19,IMG_20230719_095046_340.JPG,web_site,#d0d0da,neutral,Reposteo
2023-07-17 19:08:00,719.0,2,0,6.0,0,750.0,,,,,0.0,2023-07-17,IMG_20230717_200826_252.JPG,web_site,#f1eef1,neutral,Reposteo
2023-07-17 08:06:00,917.0,2,0,12.0,1,941.0,,,,,-2.0,2023-07-17,IMG_20230717_200826_252.JPG,web_site,#f1eef1,neutral,Reposteo
2023-07-14 16:40:00,830.0,4,0,7.0,0,855.0,,,,,0.0,2023-07-14,img_20230714_174025_731.JPG,background_color,#9b5b75,happy,"Sticker, Otro"
2024-01-04 10:44:00,293.0,2,0,2.0,0,295.0,,,,,-2.0,2024-01-04,IMG_20240104_151311_107.jpg,quote,#b07b41,happy,Otro
2024-01-04 10:44:00,420.0,0,0,15.0,0,423.0,,,,,-2.0,2024-01-04,IMG_20240104_151311_107.jpg,quote,#b07b41,happy,Otro
2024-05-28 12:31:00,980.0,3,0,14.0,3,1129.0,,,,,-2.0,2024-05-28,IMG_20240528_133155_716.jpg,person,#5ba9dd,happy,"Sticker, Reposteo"
2024-05-22 11:11:00,102.0,0,0,1.0,1,112.0,,,,,-2.0,2024-05-22,IMG_20240522_121148_486.jpg,fur_coat,#8f979f,fear,Cuerpo Completo
2024-05-22 11:11:00,102.0,0,0,1.0,1,112.0,,,,,-2.0,2024-05-22,IMG_20240522_121149_820.jpg,garden,#6f7f76,neutral,Otro
2024-05-22 11:11:00,102.0,0,0,1.0,1,112.0,,,,,-2.0,2024-05-22,IMG_20240522_121150_701.jpg,tree,#615f61,neutral,Cuerpo Completo
2024-05-22 11:11:00,102.0,0,0,1.0,1,112.0,,,,,-2.0,2024-05-22,IMG_20240522_121151_924.jpg,person,#653b5f,neutral,"Selfie, Sticker"
2024-05-22 11:11:00,102.0,0,0,1.0,1,112.0,,,,,-2.0,2024-05-22,IMG_20240522_121153_867.jpg,sculpture,#8a8681,happy,"Cuerpo Completo, Sticker"
2024-05-22 11:11:00,102.0,0,0,1.0,1,112.0,,,,,-2.0,2024-05-22,IMG_20240522_121157_356.jpg,sunglasses,#666f7e,happy,"Selfie, Ofrecimiento"
2024-05-22 11:11:00,102.0,0,0,1.0,1,112.0,,,,,-2.0,2024-05-22,IMG_20240522_121200_500.jpg,promo,#7b516a,happy,"Selfie, Ofrecimiento"
2024-05-22 11:11:00,109.0,0,0,,0,113.0,,,,,-2.0,2024-05-22,IMG_20240522_121148_486.jpg,fur_coat,#8f979f,fear,Cuerpo Completo
2024-05-22 11:11:00,109.0,0,0,,0,113.0,,,,,-2.0,2024-05-22,IMG_20240522_121149_820.jpg,garden,#6f7f76,neutral,Otro
2024-05-22 11:11:00,109.0,0,0,,0,113.0,,,,,-2.0,2024-05-22,IMG_20240522_121150_701.jpg,tree,#615f61,neutral,Cuerpo Completo
2024-05-22 11:11:00,109.0,0,0,,0,113.0,,,,,-2.0,2024-05-22,IMG_20240522_121151_924.jpg,person,#653b5f,neutral,"Selfie, Sticker"
2024-05-22 11:11:00,109.0,0,0,,0,113.0,,,,,-2.0,2024-05-22,IMG_20240522_121153_867.jpg,sculpture,#8a8681,happy,"Cuerpo Completo, Sticker"
2024-05-22 11:11:00,109.0,0,0,,0,113.0,,,,,-2.0,2024-05-22,IMG_20240522_121157_356.jpg,sunglasses,#666f7e,happy,"Selfie, Ofrecimiento"
2024-05-22 11:11:00,109.0,0,0,,0,113.0,,,,,-2.0,2024-05-22,IMG_20240522_121200_500.jpg,promo,#7b516a,happy,"Selfie, Ofrecimiento"
2024-05-22 11:11:00,116.0,0,0,,0,119.0,,,,,-2.0,2024-05-22,IMG_20240522_121148_486.jpg,fur_coat,#8f979f,fear,Cuerpo Completo
2024-05-22 11:11:00,116.0,0,0,,0,119.0,,,,,-2.0,2024-05-22,IMG_20240522_121149_820.jpg,garden,#6f7f76,neutral,Otro
2024-05-22 11:11:00,116.0,0,0,,0,119.0,,,,,-2.0,2024-05-22,IMG_20240522_121150_701.jpg,tree,#615f61,neutral,Cuerpo Completo
2024-05-22 11:11:00,116.0,0,0,,0,119.0,,,,,-2.0,2024-05-22,IMG_20240522_121151_924.jpg,person,#653b5f,neutral,"Selfie, Sticker"
2024-05-22 11:11:00,116.0,0,0,,0,119.0,,,,,-2.0,2024-05-22,IMG_20240522_121153_867.jpg,sculpture,#8a8681,happy,"Cuerpo Completo, Sticker"
2024-05-22 11:11:00,116.0,0,0,,0,119.0,,,,,-2.0,2024-05-22,IMG_20240522_121157_356.jpg,sunglasses,#666f7e,happy,"Selfie, Ofrecimiento"
2024-05-22 11:11:00,116.0,0,0,,0,119.0,,,,,-2.0,2024-05-22,IMG_20240522_121200_500.jpg,promo,#7b516a,happy,"Selfie, Ofrecimiento"
2024-05-22 11:11:00,119.0,1,0,,0,126.0,,,,,-2.0,2024-05-22,IMG_20240522_121148_486.jpg,fur_coat,#8f979f,fear,Cuerpo Completo
2024-05-22 11:11:00,119.0,1,0,,0,126.0,,,,,-2.0,2024-05-22,IMG_20240522_121149_820.jpg,garden,#6f7f76,neutral,Otro
2024-05-22 11:11:00,119.0,1,0,,0,126.0,,,,,-2.0,2024-05-22,IMG_20240522_121150_701.jpg,tree,#615f61,neutral,Cuerpo Completo
2024-05-22 11:11:00,119.0,1,0,,0,126.0,,,,,-2.0,2024-05-22,IMG_20240522_121151_924.jpg,person,#653b5f,neutral,"Selfie, Sticker"
2024-05-22 11:11:00,119.0,1,0,,0,126.0,,,,,-2.0,2024-05-22,IMG_20240522_121153_867.jpg,sculpture,#8a8681,happy,"Cuerpo Completo, Sticker"
2024-05-22 11:11:00,119.0,1,0,,0,126.0,,,,,-2.0,2024-05-22,IMG_20240522_121157_356.jpg,sunglasses,#666f7e,happy,"Selfie, Ofrecimiento"
2024-05-22 11:11:00,119.0,1,0,,0,126.0,,,,,-2.0,2024-05-22,IMG_20240522_121200_500.jpg,promo,#7b516a,happy,"Selfie, Ofrecimiento"
2024-05-22 11:11:00,133.0,1,0,1.0,0,136.0,,,,,-2.0,2024-05-22,IMG_20240522_121148_486.jpg,fur_coat,#8f979f,fear,Cuerpo Completo
2024-05-22 11:11:00,133.0,1,0,1.0,0,136.0,,,,,-2.0,2024-05-22,IMG_20240522_121149_820.jpg,garden,#6f7f76,neutral,Otro
2024-05-22 11:11:00,133.0,1,0,1.0,0,136.0,,,,,-2.0,2024-05-22,IMG_20240522_121150_701.jpg,tree,#615f61,neutral,Cuerpo Completo
2024-05-22 11:11:00,133.0,1,0,1.0,0,136.0,,,,,-2.0,2024-05-22,IMG_20240522_121151_924.jpg,person,#653b5f,neutral,"Selfie, Sticker"
2024-05-22 11:11:00,133.0,1,0,1.0,0,136.0,,,,,-2.0,2024-05-22,IMG_20240522_121153_867.jpg,sculpture,#8a8681,happy,"Cuerpo Completo, Sticker"
2024-05-22 11:11:00,133.0,1,0,1.0,0,136.0,,,,,-2.0,2024-05-22,IMG_20240522_121157_356.jpg,sunglasses,#666f7e,happy,"Selfie, Ofrecimiento"
2024-05-22 11:11:00,133.0,1,0,1.0,0,136.0,,,,,-2.0,2024-05-22,IMG_20240522_121200_500.jpg,promo,#7b516a,happy,"Selfie, Ofrecimiento"
2024-05-22 11:11:00,151.0,1,0,2.0,0,155.0,,,,,-2.0,2024-05-22,IMG_20240522_121148_486.jpg,fur_coat,#8f979f,fear,Cuerpo Completo
2024-05-22 11:11:00,151.0,1,0,2.0,0,155.0,,,,,-2.0,2024-05-22,IMG_20240522_121149_820.jpg,garden,#6f7f76,neutral,Otro
2024-05-22 11:11:00,151.0,1,0,2.0,0,155.0,,,,,-2.0,2024-05-22,IMG_20240522_121150_701.jpg,tree,#615f61,neutral,Cuerpo Completo
2024-05-22 11:11:00,151.0,1,0,2.0,0,155.0,,,,,-2.0,2024-05-22,IMG_20240522_121151_924.jpg,person,#653b5f,neutral,"Selfie, Sticker"
2024-05-22 11:11:00,151.0,1,0,2.0,0,155.0,,,,,-2.0,2024-05-22,IMG_20240522_121153_867.jpg,sculpture,#8a8681,happy,"Cuerpo Completo, Sticker"
2024-05-22 11:11:00,151.0,1,0,2.0,0,155.0,,,,,-2.0,2024-05-22,IMG_20240522_121157_356.jpg,sunglasses,#666f7e,happy,"Selfie, Ofrecimiento"
2024-05-22 11:11:00,151.0,1,0,2.0,0,155.0,,,,,-2.0,2024-05-22,IMG_20240522_121200_500.jpg,promo,#7b516a,happy,"Selfie, Ofrecimiento"
2024-05-13 11:27:00,205.0,0,0,1.0,0,211.0,,,,,-2.0,2024-05-13,IMG_20240513_122742_155.jpg,person,#604360,neutral,"Sticker, Selfie"
2024-05-13 11:27:00,205.0,0,0,1.0,0,211.0,,,,,-2.0,2024-05-13,IMG_20240513_122744_822.jpg,person,#714a66,happy,"Sticker, Selfie"
2024-05-13 11:27:00,312.0,0,0,2.0,1,326.0,,,,,-2.0,2024-05-13,IMG_20240513_122742_155.jpg,person,#604360,neutral,"Sticker, Selfie"
2024-05-13 11:27:00,312.0,0,0,2.0,1,326.0,,,,,-2.0,2024-05-13,IMG_20240513_122744_822.jpg,person,#714a66,happy,"Sticker, Selfie"
2024-10-05 19:37:00,222.0,3,0,1.0,0,221.0,,,,,-2.0,2024-10-05,IMG_20241005_092140_366.jpg,journal,#705f75,neutral,Selfie
2024-10-05 19:37:00,229.0,4,0,1.0,1,214.0,,,,,-2.0,2024-10-05,IMG_20241005_092140_366.jpg,journal,#705f75,neutral,Selfie
2024-10-05 19:37:00,240.0,4,0,1.0,0,233.0,,,,,-2.0,2024-10-05,IMG_20241005_092140_366.jpg,journal,#705f75,neutral,Selfie
2024-04-05 15:13:00,994.0,3,0,15.0,1,1120.0,,,,,-2.0,2024-04-05,IMG_20240405_172839_010.jpg,people,#605960,happy,"Con otras personas, Reposteo"
2024-04-05 15:13:00,994.0,3,0,15.0,1,1120.0,,,,,-2.0,2024-04-05,IMG_20240405_172930_524.jpg,promo,#ded7cb,sad,"Reposteo, Ofrecimiento"
2024-04-05 15:13:00,1068.0,2,0,9.0,1,1082.0,,,,,-2.0,2024-04-05,IMG_20240405_172839_010.jpg,people,#605960,happy,"Con otras personas, Reposteo"
2024-04-05 15:13:00,1068.0,2,0,9.0,1,1082.0,,,,,-2.0,2024-04-05,IMG_20240405_172930_524.jpg,promo,#ded7cb,sad,"Reposteo, Ofrecimiento"
2024-04-05 15:13:00,1116.0,3,0,6.0,0,1146.0,,,,,-2.0,2024-04-05,IMG_20240405_172839_010.jpg,people,#605960,happy,"Con otras personas, Reposteo"
2024-04-05 15:13:00,1116.0,3,0,6.0,0,1146.0,,,,,-2.0,2024-04-05,IMG_20240405_172930_524.jpg,promo,#ded7cb,sad,"Reposteo, Ofrecimiento"
2024-04-05 15:13:00,1205.0,4,0,4.0,0,1248.0,,,,,-2.0,2024-04-05,IMG_20240405_172839_010.jpg,people,#605960,happy,"Con otras personas, Reposteo"
2024-04-05 15:13:00,1205.0,4,0,4.0,0,1248.0,,,,,-2.0,2024-04-05,IMG_20240405_172930_524.jpg,promo,#ded7cb,sad,"Reposteo, Ofrecimiento"
2024-04-05 15:13:00,1516.0,2,0,7.0,0,1553.0,,,,,-2.0,2024-04-05,IMG_20240405_172839_010.jpg,people,#605960,happy,"Con otras personas, Reposteo"
2024-04-05 15:13:00,1516.0,2,0,7.0,0,1553.0,,,,,-2.0,2024-04-05,IMG_20240405_172930_524.jpg,promo,#ded7cb,sad,"Reposteo, Ofrecimiento"
2024-03-05 16:05:00,172.0,0,0,3.0,0,210.0,,,,,-2.0,2024-03-05,IMG_20240305_193343_615.jpg,web_site,#a34472,happy,Ofrecimiento
2024-03-05 16:05:00,172.0,0,0,3.0,0,210.0,,,,,-2.0,2024-03-05,IMG_20240305_193343_959.jpg,person,#ac859f,happy,"Ofrecimiento, Sticker, Selfie"
2024-03-05 16:05:00,172.0,0,0,3.0,0,210.0,,,,,-2.0,2024-03-05,IMG_20240305_193348_099.jpg,background_Color,#af5c83,happy,Sticker
2024-03-05 16:04:00,302.0,0,0,2.0,0,330.0,,,,,-2.0,2024-03-05,IMG_20240305_193343_615.jpg,web_site,#a34472,happy,Ofrecimiento
2024-03-05 16:04:00,302.0,0,0,2.0,0,330.0,,,,,-2.0,2024-03-05,IMG_20240305_193343_959.jpg,person,#ac859f,happy,"Ofrecimiento, Sticker, Selfie"
2024-03-05 16:04:00,302.0,0,0,2.0,0,330.0,,,,,-2.0,2024-03-05,IMG_20240305_193348_099.jpg,background_Color,#af5c83,happy,Sticker
2024-01-05 16:48:00,391.0,5,0,5.0,0,452.0,,,,,-2.0,2024-01-05,IMG_20240105_140833_389.jpg,person,#4c3228,sad,"Cuerpo Completo, Sticker"
2024-04-25 17:34:00,385.0,2,0,3.0,0,395.0,,,4.0,,-2.0,2024-04-25,IMG_20240425_094228_479.jpg,people,#7e77bc,happy,"Con otras personas, Reposteo"
2024-04-25 17:34:00,385.0,2,0,3.0,0,395.0,,,4.0,,-2.0,2024-04-25,IMG_20240425_123732_797.jpg,bucket,#7d8290,happy,Comida y Bebida
2024-04-25 17:34:00,385.0,2,0,3.0,0,395.0,,,4.0,,-2.0,2024-04-25,IMG_20240425_152208_168.jpg,logo,#cd6378,happy,Cuerpo Completo
2024-04-25 17:34:00,385.0,2,0,3.0,0,395.0,,,4.0,,-2.0,2024-04-25,IMG_20240425_152209_075.jpg,person,#626994,neutral,Selfie
2024-04-25 17:34:00,385.0,2,0,3.0,0,395.0,,,4.0,,-2.0,2024-04-25,IMG_20240425_152211_383.jpg,person,#7f6a7f,happy,Cuerpo Completo
2024-04-25 17:34:00,385.0,2,0,3.0,0,395.0,,,4.0,,-2.0,2024-04-25,IMG_20240425_152212_626.jpg,envelope,#5f82b6,neutral,Otro
2024-04-25 17:34:00,385.0,2,0,3.0,0,395.0,,,4.0,,-2.0,2024-04-25,IMG_20240425_183425_441.jpg,juice,#5e697d,happy,"Comida y Bebida, Selfie"
2024-04-25 14:21:00,143.0,3,0,2.0,0,147.0,,,,,-2.0,2024-04-25,IMG_20240425_094228_479.jpg,people,#7e77bc,happy,"Con otras personas, Reposteo"
2024-04-25 14:21:00,143.0,3,0,2.0,0,147.0,,,,,-2.0,2024-04-25,IMG_20240425_123732_797.jpg,bucket,#7d8290,happy,Comida y Bebida
2024-04-25 14:21:00,143.0,3,0,2.0,0,147.0,,,,,-2.0,2024-04-25,IMG_20240425_152208_168.jpg,logo,#cd6378,happy,Cuerpo Completo
2024-04-25 14:21:00,143.0,3,0,2.0,0,147.0,,,,,-2.0,2024-04-25,IMG_20240425_152209_075.jpg,person,#626994,neutral,Selfie
2024-04-25 14:21:00,143.0,3,0,2.0,0,147.0,,,,,-2.0,2024-04-25,IMG_20240425_152211_383.jpg,person,#7f6a7f,happy,Cuerpo Completo
2024-04-25 14:21:00,143.0,3,0,2.0,0,147.0,,,,,-2.0,2024-04-25,IMG_20240425_152212_626.jpg,envelope,#5f82b6,neutral,Otro
2024-04-25 14:21:00,143.0,3,0,2.0,0,147.0,,,,,-2.0,2024-04-25,IMG_20240425_183425_441.jpg,juice,#5e697d,happy,"Comida y Bebida, Selfie"
2024-04-25 14:21:00,153.0,3,0,,0,148.0,,,,,-2.0,2024-04-25,IMG_20240425_094228_479.jpg,people,#7e77bc,happy,"Con otras personas, Reposteo"
2024-04-25 14:21:00,153.0,3,0,,0,148.0,,,,,-2.0,2024-04-25,IMG_20240425_123732_797.jpg,bucket,#7d8290,happy,Comida y Bebida
2024-04-25 14:21:00,153.0,3,0,,0,148.0,,,,,-2.0,2024-04-25,IMG_20240425_152208_168.jpg,logo,#cd6378,happy,Cuerpo Completo
2024-04-25 14:21:00,153.0,3,0,,0,148.0,,,,,-2.0,2024-04-25,IMG_20240425_152209_075.jpg,person,#626994,neutral,Selfie
2024-04-25 14:21:00,153.0,3,0,,0,148.0,,,,,-2.0,2024-04-25,IMG_20240425_152211_383.jpg,person,#7f6a7f,happy,Cuerpo Completo
2024-04-25 14:21:00,153.0,3,0,,0,148.0,,,,,-2.0,2024-04-25,IMG_20240425_152212_626.jpg,envelope,#5f82b6,neutral,Otro
2024-04-25 14:21:00,153.0,3,0,,0,148.0,,,,,-2.0,2024-04-25,IMG_20240425_183425_441.jpg,juice,#5e697d,happy,"Comida y Bebida, Selfie"
2024-04-25 14:21:00,160.0,2,0,,0,152.0,,,,,-2.0,2024-04-25,IMG_20240425_094228_479.jpg,people,#7e77bc,happy,"Con otras personas, Reposteo"
2024-04-25 14:21:00,160.0,2,0,,0,152.0,,,,,-2.0,2024-04-25,IMG_20240425_123732_797.jpg,bucket,#7d8290,happy,Comida y Bebida
2024-04-25 14:21:00,160.0,2,0,,0,152.0,,,,,-2.0,2024-04-25,IMG_20240425_152208_168.jpg,logo,#cd6378,happy,Cuerpo Completo
2024-04-25 14:21:00,160.0,2,0,,0,152.0,,,,,-2.0,2024-04-25,IMG_20240425_152209_075.jpg,person,#626994,neutral,Selfie
2024-04-25 14:21:00,160.0,2,0,,0,152.0,,,,,-2.0,2024-04-25,IMG_20240425_152211_383.jpg,person,#7f6a7f,happy,Cuerpo Completo
2024-04-25 14:21:00,160.0,2,0,,0,152.0,,,,,-2.0,2024-04-25,IMG_20240425_152212_626.jpg,envelope,#5f82b6,neutral,Otro
2024-04-25 14:21:00,160.0,2,0,,0,152.0,,,,,-2.0,2024-04-25,IMG_20240425_183425_441.jpg,juice,#5e697d,happy,"Comida y Bebida, Selfie"
2024-04-25 14:21:00,180.0,2,0,,0,170.0,,,,,-2.0,2024-04-25,IMG_20240425_094228_479.jpg,people,#7e77bc,happy,"Con otras personas, Reposteo"
2024-04-25 14:21:00,180.0,2,0,,0,170.0,,,,,-2.0,2024-04-25,IMG_20240425_123732_797.jpg,bucket,#7d8290,happy,Comida y Bebida
2024-04-25 14:21:00,180.0,2,0,,0,170.0,,,,,-2.0,2024-04-25,IMG_20240425_152208_168.jpg,logo,#cd6378,happy,Cuerpo Completo
2024-04-25 14:21:00,180.0,2,0,,0,170.0,,,,,-2.0,2024-04-25,IMG_20240425_152209_075.jpg,person,#626994,neutral,Selfie
2024-04-25 14:21:00,180.0,2,0,,0,170.0,,,,,-2.0,2024-04-25,IMG_20240425_152211_383.jpg,person,#7f6a7f,happy,Cuerpo Completo
2024-04-25 14:21:00,180.0,2,0,,0,170.0,,,,,-2.0,2024-04-25,IMG_20240425_152212_626.jpg,envelope,#5f82b6,neutral,Otro
2024-04-25 14:21:00,180.0,2,0,,0,170.0,,,,,-2.0,2024-04-25,IMG_20240425_183425_441.jpg,juice,#5e697d,happy,"Comida y Bebida, Selfie"
2024-04-25 11:37:00,196.0,7,0,1.0,0,193.0,,,,,-2.0,2024-04-25,IMG_20240425_094228_479.jpg,people,#7e77bc,happy,"Con otras personas, Reposteo"
2024-04-25 11:37:00,196.0,7,0,1.0,0,193.0,,,,,-2.0,2024-04-25,IMG_20240425_123732_797.jpg,bucket,#7d8290,happy,Comida y Bebida
2024-04-25 11:37:00,196.0,7,0,1.0,0,193.0,,,,,-2.0,2024-04-25,IMG_20240425_152208_168.jpg,logo,#cd6378,happy,Cuerpo Completo
2024-04-25 11:37:00,196.0,7,0,1.0,0,193.0,,,,,-2.0,2024-04-25,IMG_20240425_152209_075.jpg,person,#626994,neutral,Selfie
2024-04-25 11:37:00,196.0,7,0,1.0,0,193.0,,,,,-2.0,2024-04-25,IMG_20240425_152211_383.jpg,person,#7f6a7f,happy,Cuerpo Completo
2024-04-25 11:37:00,196.0,7,0,1.0,0,193.0,,,,,-2.0,2024-04-25,IMG_20240425_152212_626.jpg,envelope,#5f82b6,neutral,Otro
2024-04-25 11:37:00,196.0,7,0,1.0,0,193.0,,,,,-2.0,2024-04-25,IMG_20240425_183425_441.jpg,juice,#5e697d,happy,"Comida y Bebida, Selfie"
2024-04-25 08:42:00,251.0,0,0,3.0,0,258.0,,,,,-2.0,2024-04-25,IMG_20240425_094228_479.jpg,people,#7e77bc,happy,"Con otras personas, Reposteo"
2024-04-25 08:42:00,251.0,0,0,3.0,0,258.0,,,,,-2.0,2024-04-25,IMG_20240425_123732_797.jpg,bucket,#7d8290,happy,Comida y Bebida
2024-04-25 08:42:00,251.0,0,0,3.0,0,258.0,,,,,-2.0,2024-04-25,IMG_20240425_152208_168.jpg,logo,#cd6378,happy,Cuerpo Completo
2024-04-25 08:42:00,251.0,0,0,3.0,0,258.0,,,,,-2.0,2024-04-25,IMG_20240425_152209_075.jpg,person,#626994,neutral,Selfie
2024-04-25 08:42:00,251.0,0,0,3.0,0,258.0,,,,,-2.0,2024-04-25,IMG_20240425_152211_383.jpg,person,#7f6a7f,happy,Cuerpo Completo
2024-04-25 08:42:00,251.0,0,0,3.0,0,258.0,,,,,-2.0,2024-04-25,IMG_20240425_152212_626.jpg,envelope,#5f82b6,neutral,Otro
2024-04-25 08:42:00,251.0,0,0,3.0,0,258.0,,,,,-2.0,2024-04-25,IMG_20240425_183425_441.jpg,juice,#5e697d,happy,"Comida y Bebida, Selfie"
2024-04-24 14:50:00,321.0,3,0,,0,327.0,,,,,-2.0,2024-04-24,IMG_20240424_140855_977.jpg,pizza,#72718b,happy,"Selfie, Comida y Bebida"
2024-04-24 14:50:00,321.0,3,0,,0,327.0,,,,,-2.0,2024-04-24,IMG_20240424_154915_528.jpg,people,#a296ae,happy,"Con otras personas, Reposteo"
2024-04-24 14:50:00,321.0,3,0,,0,327.0,,,,,-2.0,2024-04-24,IMG_20240424_155033_295.jpg,people,#6f697c,happy,Con otras personas
2024-04-24 14:48:00,439.0,2,0,4.0,0,434.0,,,4.0,,-2.0,2024-04-24,IMG_20240424_140855_977.jpg,pizza,#72718b,happy,"Selfie, Comida y Bebida"
2024-04-24 14:48:00,439.0,2,0,4.0,0,434.0,,,4.0,,-2.0,2024-04-24,IMG_20240424_154915_528.jpg,people,#a296ae,happy,"Con otras personas, Reposteo"
2024-04-24 14:48:00,439.0,2,0,4.0,0,434.0,,,4.0,,-2.0,2024-04-24,IMG_20240424_155033_295.jpg,people,#6f697c,happy,Con otras personas
2024-04-19 12:54:00,702.0,1,0,1.0,0,696.0,,,,,-2.0,2024-04-19,IMG_20240419_084956_981.jpg,fruit,#777eac,neutral,Comida y Bebida
2024-04-19 12:54:00,702.0,1,0,1.0,0,696.0,,,,,-2.0,2024-04-19,IMG_20240419_135448_157.jpg,people,#5d79b4,sad,"Con otras personas, Reposteo"
2024-04-19 07:49:00,1921.0,5,0,23.0,0,1935.0,,,,,-2.0,2024-04-19,IMG_20240419_084956_981.jpg,fruit,#777eac,neutral,Comida y Bebida
2024-04-19 07:49:00,1921.0,5,0,23.0,0,1935.0,,,,,-2.0,2024-04-19,IMG_20240419_135448_157.jpg,people,#5d79b4,sad,"Con otras personas, Reposteo"
2024-05-04 16:29:00,245.0,0,0,1.0,0,243.0,,,,,-2.0,2024-05-04,IMG_20240504_161343_341.jpg,people,#716f87,happy,Con otras personas
2024-05-04 16:29:00,245.0,0,0,1.0,0,243.0,,,,,-2.0,2024-05-04,IMG_20240504_161354_243.jpg,toyshop,#746f83,happy,"Con otras personas, Comida y Bebida"
2024-05-04 16:29:00,245.0,0,0,1.0,0,243.0,,,,,-2.0,2024-05-04,IMG_20240504_161356_203.jpg,theater,#6c6a7e,neutral,Otro
2024-05-04 16:29:00,245.0,0,0,1.0,0,243.0,,,,,-2.0,2024-05-04,IMG_20240504_161357_968.jpg,people,#6e647e,happy,Otro
2024-05-04 16:29:00,245.0,0,0,1.0,0,243.0,,,,,-2.0,2024-05-04,IMG_20240504_161359_463.jpg,people,#696574,happy,Con otras personas
2024-05-04 16:28:00,405.0,0,0,2.0,0,387.0,,,,,-2.0,2024-05-04,IMG_20240504_161343_341.jpg,people,#716f87,happy,Con otras personas
2024-05-04 16:28:00,405.0,0,0,2.0,0,387.0,,,,,-2.0,2024-05-04,IMG_20240504_161354_243.jpg,toyshop,#746f83,happy,"Con otras personas, Comida y Bebida"
2024-05-04 16:28:00,405.0,0,0,2.0,0,387.0,,,,,-2.0,2024-05-04,IMG_20240504_161356_203.jpg,theater,#6c6a7e,neutral,Otro
2024-05-04 16:28:00,405.0,0,0,2.0,0,387.0,,,,,-2.0,2024-05-04,IMG_20240504_161357_968.jpg,people,#6e647e,happy,Otro
2024-05-04 16:28:00,405.0,0,0,2.0,0,387.0,,,,,-2.0,2024-05-04,IMG_20240504_161359_463.jpg,people,#696574,happy,Con otras personas
2024-04-04 16:37:00,699.0,3,0,5.0,0,752.0,,,,,-2.0,2024-04-04,IMG_20240404_173737_841.jpg,person,#91818b,happy,"Selfie, Sticker"
2024-01-04 17:26:00,777.0,7,0,8.0,1,797.0,,,,,-2.0,2024-01-04,IMG_20240104_151311_107.jpg,quote,#b07b41,happy,Otro
2024-01-04 10:44:00,216.0,0,0,1.0,0,207.0,,,,,-2.0,2024-01-04,IMG_20240104_151311_107.jpg,quote,#b07b41,happy,Otro
2024-01-04 10:44:00,248.0,1,0,1.0,0,234.0,,,,,-2.0,2024-01-04,IMG_20240104_151311_107.jpg,quote,#b07b41,happy,Otro
2024-05-22 11:11:00,223.0,1,0,5.0,0,231.0,,,,,-2.0,2024-05-22,IMG_20240522_121148_486.jpg,fur_coat,#8f979f,fear,Cuerpo Completo
2024-05-22 11:11:00,223.0,1,0,5.0,0,231.0,,,,,-2.0,2024-05-22,IMG_20240522_121149_820.jpg,garden,#6f7f76,neutral,Otro
2024-05-22 11:11:00,223.0,1,0,5.0,0,231.0,,,,,-2.0,2024-05-22,IMG_20240522_121150_701.jpg,tree,#615f61,neutral,Cuerpo Completo
2024-05-22 11:11:00,223.0,1,0,5.0,0,231.0,,,,,-2.0,2024-05-22,IMG_20240522_121151_924.jpg,person,#653b5f,neutral,"Selfie, Sticker"
2024-05-22 11:11:00,223.0,1,0,5.0,0,231.0,,,,,-2.0,2024-05-22,IMG_20240522_121153_867.jpg,sculpture,#8a8681,happy,"Cuerpo Completo, Sticker"
2024-05-22 11:11:00,223.0,1,0,5.0,0,231.0,,,,,-2.0,2024-05-22,IMG_20240522_121157_356.jpg,sunglasses,#666f7e,happy,"Selfie, Ofrecimiento"
2024-05-22 11:11:00,223.0,1,0,5.0,0,231.0,,,,,-2.0,2024-05-22,IMG_20240522_121200_500.jpg,promo,#7b516a,happy,"Selfie, Ofrecimiento"
2023-03-31 14:53:00,653.0,4,0,6.0,0,666.0,,,,,0.0,2023-03-31,IMG_20230331_155411_825.jpg,beer_glass,#60696d,happy,"Selfie, Comida y Bebida"
2023-03-31 14:53:00,653.0,4,0,6.0,0,666.0,,,,,0.0,2023-03-31,IMG_20230331_143018_428.jpg,background_color,#ccafb7,happy,Sticker
2023-03-31 14:53:00,653.0,4,0,6.0,0,666.0,,,,,0.0,2023-03-31,IMG_20230331_142915_212.jpg,altar,#657385,neutral,Otro
2023-03-31 14:53:00,653.0,4,0,6.0,0,666.0,,,,,0.0,2023-03-31,IMG_20230331_142836_189.jpg,altar,#6d798a,neutral,Otro
2023-03-31 13:30:00,665.0,3,0,3.0,0,676.0,,,,,-2.0,2023-03-31,IMG_20230331_155411_825.jpg,beer_glass,#60696d,happy,"Selfie, Comida y Bebida"
2023-03-31 13:30:00,665.0,3,0,3.0,0,676.0,,,,,-2.0,2023-03-31,IMG_20230331_143018_428.jpg,background_color,#ccafb7,happy,Sticker
2023-03-31 13:30:00,665.0,3,0,3.0,0,676.0,,,,,-2.0,2023-03-31,IMG_20230331_142915_212.jpg,altar,#657385,neutral,Otro
2023-03-31 13:30:00,665.0,3,0,3.0,0,676.0,,,,,-2.0,2023-03-31,IMG_20230331_142836_189.jpg,altar,#6d798a,neutral,Otro
2023-03-31 13:28:00,738.0,10,0,1.0,0,726.0,,,,,0.0,2023-03-31,IMG_20230331_155411_825.jpg,beer_glass,#60696d,happy,"Selfie, Comida y Bebida"
2023-03-31 13:28:00,738.0,10,0,1.0,0,726.0,,,,,0.0,2023-03-31,IMG_20230331_143018_428.jpg,background_color,#ccafb7,happy,Sticker
2023-03-31 13:28:00,738.0,10,0,1.0,0,726.0,,,,,0.0,2023-03-31,IMG_20230331_142915_212.jpg,altar,#657385,neutral,Otro
2023-03-31 13:28:00,738.0,10,0,1.0,0,726.0,,,,,0.0,2023-03-31,IMG_20230331_142836_189.jpg,altar,#6d798a,neutral,Otro
2023-03-31 13:28:00,951.0,6,0,1.0,0,897.0,,,,,0.0,2023-03-31,IMG_20230331_155411_825.jpg,beer_glass,#60696d,happy,"Selfie, Comida y Bebida"
2023-03-31 13:28:00,951.0,6,0,1.0,0,897.0,,,,,0.0,2023-03-31,IMG_20230331_143018_428.jpg,background_color,#ccafb7,happy,Sticker
2023-03-31 13:28:00,951.0,6,0,1.0,0,897.0,,,,,0.0,2023-03-31,IMG_20230331_142915_212.jpg,altar,#657385,neutral,Otro
2023-03-31 13:28:00,951.0,6,0,1.0,0,897.0,,,,,0.0,2023-03-31,IMG_20230331_142836_189.jpg,altar,#6d798a,neutral,Otro
2023-03-27 08:28:00,1700.0,3,0,19.0,0,1771.0,,,,,0.0,2023-03-27,IMG_20230327_092942_876.jpg,angel,#787a7f,happy,"Selfie, Sticker"
2023-03-26 10:39:00,1384.0,5,0,11.0,0,1386.0,,,6.0,,0.0,2023-03-26,IMG_20230326_113944_601.jpg,people,#626065,happy,"Con otras personas, Reposteo"
2023-03-19 14:00:00,5780.0,19,0,59.0,3,5722.0,,,,,0.0,2023-03-19,IMG_20230319_150117_392.jpg,ice_cream,#9c9396,happy,"Selfie, Comida y Bebida"
2023-03-13 09:20:00,1225.0,4,0,,0,1189.0,,,,,-2.0,2023-03-13,IMG_20230313_102215_888.jpg,message,#a89b75,happy,"Otro, Sticker"
2023-08-03 14:46:00,1223.0,9,0,18.0,2,1263.0,,,,,0.0,2023-08-03,IMG_20230803_143127_552.JPG,web_site,#753966,happy,"Sticker, Ofrecimiento, Selfie"
2023-06-03 09:48:00,1193.0,6,0,7.0,0,1196.0,,,,,-2.0,2023-06-03,img_20230603_141547_588.JPG,toys,#a19da5,neutral,"Sticker, Otro"
2023-02-14 19:24:00,736.0,1,0,2.0,1,782.0,3.0,,,,-2.0,2023-02-14,IMG_20230214_212509_153.jpg,background_color,#896fb2,neutral,"Enlace, Reposteo"
2023-02-14 19:24:00,736.0,1,0,2.0,1,782.0,3.0,,,,-2.0,2023-02-14,IMG_20230214_212315_147.jpg,background_color,#612a78,sad,Reposteo
2023-02-14 19:24:00,736.0,1,0,2.0,1,782.0,3.0,,,,-2.0,2023-02-14,IMG_20230214_212251_695.jpg,background_color,#612670,sad,Reposteo
2023-02-14 19:24:00,736.0,1,0,2.0,1,782.0,3.0,,,,-2.0,2023-02-14,IMG_20230214_212233_315.jpg,background_color,#643682,sad,Reposteo
2023-02-14 19:24:00,736.0,1,0,2.0,1,782.0,3.0,,,,-2.0,2023-02-14,IMG_20230214_212218_155.jpg,heart,#6e61ad,happy,Reposteo
2023-02-14 19:24:00,736.0,1,0,2.0,1,782.0,3.0,,,,-2.0,2023-02-14,IMG_20230214_204359_214.jpg,straw,#929bad,happy,"Selfie, Comida y Bebida, Sticker"
2023-02-14 19:23:00,778.0,1,0,1.0,0,800.0,,,,,-2.0,2023-02-14,IMG_20230214_212509_153.jpg,background_color,#896fb2,neutral,"Enlace, Reposteo"
2023-02-14 19:23:00,778.0,1,0,1.0,0,800.0,,,,,-2.0,2023-02-14,IMG_20230214_212315_147.jpg,background_color,#612a78,sad,Reposteo
2023-02-14 19:23:00,778.0,1,0,1.0,0,800.0,,,,,-2.0,2023-02-14,IMG_20230214_212251_695.jpg,background_color,#612670,sad,Reposteo
2023-02-14 19:23:00,778.0,1,0,1.0,0,800.0,,,,,-2.0,2023-02-14,IMG_20230214_212233_315.jpg,background_color,#643682,sad,Reposteo
2023-02-14 19:23:00,778.0,1,0,1.0,0,800.0,,,,,-2.0,2023-02-14,IMG_20230214_212218_155.jpg,heart,#6e61ad,happy,Reposteo
2023-02-14 19:23:00,778.0,1,0,1.0,0,800.0,,,,,-2.0,2023-02-14,IMG_20230214_204359_214.jpg,straw,#929bad,happy,"Selfie, Comida y Bebida, Sticker"
2023-02-14 19:22:00,814.0,3,0,1.0,1,836.0,,,,,-2.0,2023-02-14,IMG_20230214_212509_153.jpg,background_color,#896fb2,neutral,"Enlace, Reposteo"
2023-02-14 19:22:00,814.0,3,0,1.0,1,836.0,,,,,-2.0,2023-02-14,IMG_20230214_212315_147.jpg,background_color,#612a78,sad,Reposteo
2023-02-14 19:22:00,814.0,3,0,1.0,1,836.0,,,,,-2.0,2023-02-14,IMG_20230214_212251_695.jpg,background_color,#612670,sad,Reposteo
2023-02-14 19:22:00,814.0,3,0,1.0,1,836.0,,,,,-2.0,2023-02-14,IMG_20230214_212233_315.jpg,background_color,#643682,sad,Reposteo
2023-02-14 19:22:00,814.0,3,0,1.0,1,836.0,,,,,-2.0,2023-02-14,IMG_20230214_212218_155.jpg,heart,#6e61ad,happy,Reposteo
2023-02-14 19:22:00,814.0,3,0,1.0,1,836.0,,,,,-2.0,2023-02-14,IMG_20230214_204359_214.jpg,straw,#929bad,happy,"Selfie, Comida y Bebida, Sticker"
2023-02-14 19:22:00,873.0,2,0,1.0,0,916.0,,,,,-2.0,2023-02-14,IMG_20230214_212509_153.jpg,background_color,#896fb2,neutral,"Enlace, Reposteo"
2023-02-14 19:22:00,873.0,2,0,1.0,0,916.0,,,,,-2.0,2023-02-14,IMG_20230214_212315_147.jpg,background_color,#612a78,sad,Reposteo
2023-02-14 19:22:00,873.0,2,0,1.0,0,916.0,,,,,-2.0,2023-02-14,IMG_20230214_212251_695.jpg,background_color,#612670,sad,Reposteo
2023-02-14 19:22:00,873.0,2,0,1.0,0,916.0,,,,,-2.0,2023-02-14,IMG_20230214_212233_315.jpg,background_color,#643682,sad,Reposteo
2023-02-14 19:22:00,873.0,2,0,1.0,0,916.0,,,,,-2.0,2023-02-14,IMG_20230214_212218_155.jpg,heart,#6e61ad,happy,Reposteo
2023-02-14 19:22:00,873.0,2,0,1.0,0,916.0,,,,,-2.0,2023-02-14,IMG_20230214_204359_214.jpg,straw,#929bad,happy,"Selfie, Comida y Bebida, Sticker"
2023-02-14 19:21:00,1029.0,4,0,2.0,0,1069.0,,,,,-2.0,2023-02-14,IMG_20230214_212509_153.jpg,background_color,#896fb2,neutral,"Enlace, Reposteo"
2023-02-14 19:21:00,1029.0,4,0,2.0,0,1069.0,,,,,-2.0,2023-02-14,IMG_20230214_212315_147.jpg,background_color,#612a78,sad,Reposteo
2023-02-14 19:21:00,1029.0,4,0,2.0,0,1069.0,,,,,-2.0,2023-02-14,IMG_20230214_212251_695.jpg,background_color,#612670,sad,Reposteo
2023-02-14 19:21:00,1029.0,4,0,2.0,0,1069.0,,,,,-2.0,2023-02-14,IMG_20230214_212233_315.jpg,background_color,#643682,sad,Reposteo
2023-02-14 19:21:00,1029.0,4,0,2.0,0,1069.0,,,,,-2.0,2023-02-14,IMG_20230214_212218_155.jpg,heart,#6e61ad,happy,Reposteo
2023-02-14 19:21:00,1029.0,4,0,2.0,0,1069.0,,,,,-2.0,2023-02-14,IMG_20230214_204359_214.jpg,straw,#929bad,happy,"Selfie, Comida y Bebida, Sticker"
2023-02-14 18:43:00,1392.0,5,0,8.0,1,1401.0,,,,,-2.0,2023-02-14,IMG_20230214_212509_153.jpg,background_color,#896fb2,neutral,"Enlace, Reposteo"
2023-02-14 18:43:00,1392.0,5,0,8.0,1,1401.0,,,,,-2.0,2023-02-14,IMG_20230214_212315_147.jpg,background_color,#612a78,sad,Reposteo
2023-02-14 18:43:00,1392.0,5,0,8.0,1,1401.0,,,,,-2.0,2023-02-14,IMG_20230214_212251_695.jpg,background_color,#612670,sad,Reposteo
2023-02-14 18:43:00,1392.0,5,0,8.0,1,1401.0,,,,,-2.0,2023-02-14,IMG_20230214_212233_315.jpg,background_color,#643682,sad,Reposteo
2023-02-14 18:43:00,1392.0,5,0,8.0,1,1401.0,,,,,-2.0,2023-02-14,IMG_20230214_212218_155.jpg,heart,#6e61ad,happy,Reposteo
2023-02-14 18:43:00,1392.0,5,0,8.0,1,1401.0,,,,,-2.0,2023-02-14,IMG_20230214_204359_214.jpg,straw,#929bad,happy,"Selfie, Comida y Bebida, Sticker"
2023-10-02 11:18:00,928.0,3,0,4.0,0,953.0,,,,,-2.0,2023-10-02,img_20231002_111757_68}2.JPG,background_color,#6a1d51,angry,"Sticker, Otro"
2023-10-02 11:18:00,928.0,3,0,4.0,0,953.0,,,,,-2.0,2023-10-02,img_20231002_112036_587.JPG,background_color,#732957,neutral,Sticker
2023-10-02 11:18:00,928.0,3,0,4.0,0,953.0,,,,,-2.0,2023-10-02,img_20231002_195655_366.JPG,quote,#415352,happy,Reposteo
2023-10-02 11:17:00,1345.0,2,0,20.0,0,1357.0,,,,,0.0,2023-10-02,img_20231002_111757_68}2.JPG,background_color,#6a1d51,angry,"Sticker, Otro"
2023-10-02 11:17:00,1345.0,2,0,20.0,0,1357.0,,,,,0.0,2023-10-02,img_20231002_112036_587.JPG,background_color,#732957,neutral,Sticker
2023-10-02 11:17:00,1345.0,2,0,20.0,0,1357.0,,,,,0.0,2023-10-02,img_20231002_195655_366.JPG,quote,#415352,happy,Reposteo
2023-01-25 14:27:00,,0,0,,0,,,,,,0.0,2023-01-25,IMG_20230125_162752_863.jpg,quote,#404351,happy,Reposteo
2023-01-25 14:27:00,,0,0,,0,,,,,,0.0,2023-01-25,IMG_20230125_162719_529.jpg,quote,#dac3ce,sad,Reposteo
2023-01-25 14:27:00,,0,0,,0,,,,,,0.0,2023-01-25,IMG_20230125_162138_882.jpg,people,#718387,happy,"Reposteo, Con otras personas"
2023-01-25 14:27:00,,0,0,,0,,,,,,0.0,2023-01-25,IMG_20230125_162125_666.jpg,people,#4d5971,happy,"Reposteo, Con otras personas"
2023-01-25 14:21:00,,1,0,,0,,,,,,-2.0,2023-01-25,IMG_20230125_162752_863.jpg,quote,#404351,happy,Reposteo
2023-01-25 14:21:00,,1,0,,0,,,,,,-2.0,2023-01-25,IMG_20230125_162719_529.jpg,quote,#dac3ce,sad,Reposteo
2023-01-25 14:21:00,,1,0,,0,,,,,,-2.0,2023-01-25,IMG_20230125_162138_882.jpg,people,#718387,happy,"Reposteo, Con otras personas"
2023-01-25 14:21:00,,1,0,,0,,,,,,-2.0,2023-01-25,IMG_20230125_162125_666.jpg,people,#4d5971,happy,"Reposteo, Con otras personas"
2023-01-25 14:21:00,,4,0,,0,,,,,,-2.0,2023-01-25,IMG_20230125_162752_863.jpg,quote,#404351,happy,Reposteo
2023-01-25 14:21:00,,4,0,,0,,,,,,-2.0,2023-01-25,IMG_20230125_162719_529.jpg,quote,#dac3ce,sad,Reposteo
2023-01-25 14:21:00,,4,0,,0,,,,,,-2.0,2023-01-25,IMG_20230125_162138_882.jpg,people,#718387,happy,"Reposteo, Con otras personas"
2023-01-25 14:21:00,,4,0,,0,,,,,,-2.0,2023-01-25,IMG_20230125_162125_666.jpg,people,#4d5971,happy,"Reposteo, Con otras personas"
2023-01-22 17:37:00,,7,0,,0,,,,,,0.0,2023-01-22,IMG_20230122_193730_320.jpg,person,#6a6686,happy,Selfie
2023-01-20 10:23:00,,1,0,,0,,,,,,0.0,2023-01-20,IMG_20230120_122337_300.jpg,people,#5d575f,happy,"Reposteo, Con otras personas"
2023-01-18 08:30:00,,5,0,,0,,,,,,-2.0,2023-01-18,IMG_20230118_103100_626.jpg,teapot,#98a2a8,neutral,"Otro, Sticker"
2023-01-16 17:20:00,,7,0,,0,,,,,,0.0,2023-01-16,IMG_20230116_192025_454.jpg,person,#57515f,happy,Selfie
2023-12-01 13:49:00,,3,0,,0,,,,,,0.0,2023-12-01,img_20231201_080738_765.JPG,promo,#8c6136,sad,"Ofrecimiento, Enlace"
2023-11-01 07:02:00,,6,0,,0,,,,,,0.0,2023-11-01,img_20231101_111546_032.JPG,food,#878da7,neutral,Comida y Bebida
2023-11-01 07:02:00,,6,0,,0,,,,,,0.0,2023-11-01,img_20231101_162415_442.JPG,quesadilla,#4a72a8,neutral,Comida y Bebida
2023-09-01 17:25:00,268.0,7,0,1.0,0,,,,,,-2.0,2023-09-01,img_20230901_192630_079.JPG,web_site,#a58a58,sad,"Ofrecimiento, Enlace"
2023-01-01 16:17:00,,4,0,,0,,,,,,-2.0,2023-01-01,IMG_20230101_203517_057.jpg,cookies,#425c81,happy,Comida y Bebida
2023-01-01 16:17:00,,4,0,,0,,,,,,-2.0,2023-01-01,IMG_20230101_181738_189.jpg,pizza,#5c5f61,happy,Comida y Bebida
2023-01-01 16:17:00,,4,0,,0,,,,,,-2.0,2023-01-01,IMG_20230101_173236_089.jpg,red_wine,#747382,neutral,Comida y Bebida
2023-01-01 15:32:00,,3,0,,0,,,,,,0.0,2023-01-01,IMG_20230101_203517_057.jpg,cookies,#425c81,happy,Comida y Bebida
2023-01-01 15:32:00,,3,0,,0,,,,,,0.0,2023-01-01,IMG_20230101_181738_189.jpg,pizza,#5c5f61,happy,Comida y Bebida
2023-01-01 15:32:00,,3,0,,0,,,,,,0.0,2023-01-01,IMG_20230101_173236_089.jpg,red_wine,#747382,neutral,Comida y Bebida
2023-01-01 18:34:00,,5,0,,0,,,,,,0.0,2023-01-01,IMG_20230101_203517_057.jpg,cookies,#425c81,happy,Comida y Bebida
2023-01-01 18:34:00,,5,0,,0,,,,,,0.0,2023-01-01,IMG_20230101_181738_189.jpg,pizza,#5c5f61,happy,Comida y Bebida
2023-01-01 18:34:00,,5,0,,0,,,,,,0.0,2023-01-01,IMG_20230101_173236_089.jpg,red_wine,#747382,neutral,Comida y Bebida
2024-08-08 08:58:00,343.0,5,0,1.0,0,432.0,,,,351.0,0.0,2024-08-08,IMG_20240808_095858_487.jpg,journal,#5e1ca8,neutral,Otro
2024-08-08 08:58:00,343.0,5,0,1.0,0,432.0,,,,351.0,0.0,2024-08-08,IMG_20240808_100350_212.jpg,"coffee_,mug",#bf5f82,happy,"Selfie, Comida y Bebida"
2024-08-08 08:58:00,343.0,5,0,1.0,0,432.0,,,,351.0,0.0,2024-08-08,IMG_20240808_210516_193.jpg,desk,#586372,happy,"Selfie, Comida y Bebida"
2024-08-08 09:01:00,200.0,5,0,2.0,1,251.0,,,,201.0,0.0,2024-08-08,IMG_20240808_095858_487.jpg,journal,#5e1ca8,neutral,Otro
2024-08-08 09:01:00,200.0,5,0,2.0,1,251.0,,,,201.0,0.0,2024-08-08,IMG_20240808_100350_212.jpg,"coffee_,mug",#bf5f82,happy,"Selfie, Comida y Bebida"
2024-08-08 09:01:00,200.0,5,0,2.0,1,251.0,,,,201.0,0.0,2024-08-08,IMG_20240808_210516_193.jpg,desk,#586372,happy,"Selfie, Comida y Bebida"
2024-08-08 20:04:00,658.0,6,0,3.0,1,687.0,,,2.0,698.0,0.0,2024-08-08,IMG_20240808_095858_487.jpg,journal,#5e1ca8,neutral,Otro
2024-08-08 20:04:00,658.0,6,0,3.0,1,687.0,,,2.0,698.0,0.0,2024-08-08,IMG_20240808_100350_212.jpg,"coffee_,mug",#bf5f82,happy,"Selfie, Comida y Bebida"
2024-08-08 20:04:00,658.0,6,0,3.0,1,687.0,,,2.0,698.0,0.0,2024-08-08,IMG_20240808_210516_193.jpg,desk,#586372,happy,"Selfie, Comida y Bebida"
2024-08-19 08:20:00,238.0,7,0,3.0,0,254.0,,,,240.0,0.0,2024-08-19,IMG_20240819_092100_941.jpg,table,#4d5868,happy,"Selfie, Comida y Bebida"
2024-08-21 14:57:00,544.0,0,0,8.0,0,567.0,,,,576.0,0.0,2024-08-21,IMG_20240821_155819_331.jpg,web_site,#f4f4f4,happy,Reposteo
2024-08-24 17:44:00,21867.0,33,0,445.0,1,23058.0,,1.0,,22663.0,0.0,2024-08-24,IMG_20240824_184445_872.jpg,flowers,#777b89,happy,Selfie
2024-08-26 12:31:00,1212.0,7,0,7.0,1,1138.0,,,,1260.0,0.0,2024-08-26,IMG_20240826_133208_186.jpg,coffee,#7b7283,neutral,"Selfie, Comida y Bebida"
2024-08-26 12:31:00,1212.0,7,0,7.0,1,1138.0,,,,1260.0,0.0,2024-08-26,IMG_20240826_133346_199.jpg,hot_pot,#a1acb4,happy,"Comida y Bebida, Sticker"
2024-08-26 12:33:00,910.0,0,0,7.0,0,923.0,,,,921.0,-2.0,2024-08-26,IMG_20240826_133208_186.jpg,coffee,#7b7283,neutral,"Selfie, Comida y Bebida"
2024-08-26 12:33:00,910.0,0,0,7.0,0,923.0,,,,921.0,-2.0,2024-08-26,IMG_20240826_133346_199.jpg,hot_pot,#a1acb4,happy,"Comida y Bebida, Sticker"
2024-08-27 16:00:00,3444.0,9,0,22.0,1,3621.0,,,,3553.0,0.0,2024-08-27,IMG_20240827_170051_835.jpg,people,#848390,happy,"Selfie, Sticker"
2024-08-28 10:54:00,2859.0,8,0,8.0,0,2879.0,,,,2929.0,-2.0,2024-08-28,IMG_20240828_115454_915.jpg,skeleton,#9dc6c0,happy,"Sticker, Reposteo"
2024-08-29 14:36:00,1507.0,5,0,6.0,1,1415.0,,,,1551.0,0.0,2024-08-29,IMG_20240829_153625_328.jpg,person,#777183,happy,Selfie
2024-08-29 14:36:00,1507.0,5,0,6.0,1,1415.0,,,,1551.0,0.0,2024-08-29,IMG_20240829_153816_351.jpg,oracle_Deck,#a4a0a9,neutral,Otro
2024-08-29 14:38:00,1141.0,3,0,4.0,1,1131.0,,,,1158.0,0.0,2024-08-29,IMG_20240829_153625_328.jpg,person,#777183,happy,Selfie
2024-08-29 14:38:00,1141.0,3,0,4.0,1,1131.0,,,,1158.0,0.0,2024-08-29,IMG_20240829_153816_351.jpg,oracle_Deck,#a4a0a9,neutral,Otro
2024-08-30 10:31:00,6845.0,15,0,84.0,1,7186.0,,,,7070.0,0.0,2024-08-30,IMG_20240830_113134_601.jpg,coffee,#7f7e8a,happy,"Selfie, Comida y Bebida"
2024-08-31 11:01:00,7416.0,10,0,54.0,0,7791.0,,1.0,,7568.0,0.0,2024-08-31,IMG_20240831_120114_836.jpg,sunglasses,#6f7c7d,happy,Selfie
2024-09-13 09:44:00,1621.0,2,0,6.0,0,1672.0,,1.0,,1695.0,0.0,2024-09-13,IMG_20240913_104424_190.jpg,promo,#501b44,happy,"Selfie, Ofrecimiento"
2024-09-15 18:43:00,11531.0,14,0,104.0,1,11795.0,,,,11810.0,0.0,2024-09-15,IMG_20240915_194319_855.jpg,church,#848694,happy,"Selfie, Con otras personas"
2024-09-20 10:30:00,4924.0,7,0,59.0,0,5192.0,,1.0,,5123.0,0.0,2024-09-20,IMG_20240920_113051_444.jpg,coffee_mug,#5e6171,happy,"Selfie, Comida y Bebida"
2024-09-25 10:07:00,3570.0,5,0,15.0,0,3675.0,,,,3642.0,0.0,2024-09-25,IMG_20240925_110812_513.jpg,coffee_mug,#8283a0,happy,"Selfie, Comida y Bebida, Con otras personas"
2024-09-30 09:20:00,2172.0,4,0,9.0,0,2247.0,,,,2232.0,0.0,2024-09-30,IMG_20240930_102024_628.jpg,coffee_mug,#6a6c80,happy,"Selfie, Comida y Bebida"
2023-05-04 13:42:00,1897.0,3,0,11.0,0,1908.0,,,,,0.0,2023-05-04,img_20230504_155609_956.JPG,people,#7e7b82,neutral,Con otras personas
2023-04-13 17:27:00,1767.0,5,0,16.0,2,1802.0,,,,,0.0,2023-04-13,IMG_20230413_182723_462.jpg,food,#747888,happy,"Selfie, Comida y Bebida, Sticker"
2023-04-19 11:38:00,505.0,0,0,1.0,1,506.0,,,,,0.0,2023-04-19,img_20230419_123903_072.JPG,flower,#9e9da6,happy,Otro
2023-04-20 12:45:00,1212.0,4,0,19.0,0,1276.0,,,,,0.0,2023-04-20,img_20230420_133836_783.JPG,person,#979aa4,happy,"Selfie, Sticker"
2023-04-20 12:45:00,1212.0,4,0,19.0,0,1276.0,,,,,0.0,2023-04-20,img_20230420_134606_000.JPG,person,#a3899c,happy,"Sticker, Selfie"
2023-04-22 13:51:00,3239.0,8,0,24.0,1,3244.0,,,,,0.0,2023-04-22,img_20230422_145159_422.JPG,manequin,#9093a8,happy,"Selfie, Sticker"
2023-04-26 17:35:00,1053.0,1,0,10.0,2,1068.0,,,2.0,,0.0,2023-04-26,img_20230426_183523_816.JPG,quote,#f8f7f9,neutral,"Sticker, Reposteo"
2023-04-27 19:14:00,738.0,3,0,6.0,0,732.0,,,,,0.0,2023-04-27,img_20230427_201752_736.JPG,promo,#bbabab,neutral,Ofrecimiento
2023-04-27 19:14:00,738.0,3,0,6.0,0,732.0,,,,,0.0,2023-04-27,img_20230427_201420_420.JPG,web_site,#cfced7,happy,"Reposteo, Ofrecimiento"
2023-04-27 19:17:00,464.0,2,0,2.0,0,467.0,,,,,0.0,2023-04-27,img_20230427_201752_736.JPG,promo,#bbabab,neutral,Ofrecimiento
2023-04-27 19:17:00,464.0,2,0,2.0,0,467.0,,,,,0.0,2023-04-27,img_20230427_201420_420.JPG,web_site,#cfced7,happy,"Reposteo, Ofrecimiento"
2023-04-28 10:32:00,674.0,3,0,6.0,0,648.0,,,,,0.0,2023-04-28,img_20230428_113222_404.JPG,web_site,#8e868d,sad,Otro
2023-04-28 10:32:00,674.0,3,0,6.0,0,648.0,,,,,0.0,2023-04-28,IMG_20230428_113740_420.JPG,book,#95563b,sad,"Sticker, Otro"
2023-04-28 10:32:00,674.0,3,0,6.0,0,648.0,,,,,0.0,2023-04-28,IMG_20230428_113551_962.JPG,book,#90563c,neutral,Otro
2023-04-28 10:35:00,498.0,2,0,3.0,0,485.0,,,,,0.0,2023-04-28,img_20230428_113222_404.JPG,web_site,#8e868d,sad,Otro
2023-04-28 10:35:00,498.0,2,0,3.0,0,485.0,,,,,0.0,2023-04-28,IMG_20230428_113740_420.JPG,book,#95563b,sad,"Sticker, Otro"
2023-04-28 10:35:00,498.0,2,0,3.0,0,485.0,,,,,0.0,2023-04-28,IMG_20230428_113551_962.JPG,book,#90563c,neutral,Otro
2023-04-28 10:37:00,430.0,0,0,2.0,0,424.0,,,,,-2.0,2023-04-28,img_20230428_113222_404.JPG,web_site,#8e868d,sad,Otro
2023-04-28 10:37:00,430.0,0,0,2.0,0,424.0,,,,,-2.0,2023-04-28,IMG_20230428_113740_420.JPG,book,#95563b,sad,"Sticker, Otro"
2023-04-28 10:37:00,430.0,0,0,2.0,0,424.0,,,,,-2.0,2023-04-28,IMG_20230428_113551_962.JPG,book,#90563c,neutral,Otro
2023-04-28 23:44:00,1059.0,2,0,7.0,0,1048.0,,,,,-2.0,2023-04-28,img_20230428_113222_404.JPG,web_site,#8e868d,sad,Otro
2023-04-28 23:44:00,1059.0,2,0,7.0,0,1048.0,,,,,-2.0,2023-04-28,IMG_20230428_113740_420.JPG,book,#95563b,sad,"Sticker, Otro"
2023-04-28 23:44:00,1059.0,2,0,7.0,0,1048.0,,,,,-2.0,2023-04-28,IMG_20230428_113551_962.JPG,book,#90563c,neutral,Otro
2023-04-29 14:58:00,1013.0,1,0,3.0,0,1013.0,,,,,0.0,2023-04-29,IMG_20230429_004509_286.JPG,web_site,#f7f8f8,neutral,Reposteo
2023-04-29 14:58:00,1013.0,1,0,3.0,0,1013.0,,,,,0.0,2023-04-29,IMG_20230429_155825_169.JPG,gown,#bdbeca,happy,Selfie
2023-04-30 19:20:00,1156.0,1,0,4.0,0,1149.0,,,,,-2.0,2023-04-30,IMG_20230430_202116_449.JPG,theater,#5d708b,neutral,Otro
2023-04-30 19:20:00,1156.0,1,0,4.0,0,1149.0,,,,,-2.0,2023-04-30,IMG_20230430_202116_384.JPG,people,#81878f,happy,"Selfie, Con otras personas"
2023-04-30 19:20:00,1156.0,1,0,4.0,0,1149.0,,,,,-2.0,2023-04-30,IMG_20230430_202116_761.JPG,gown,#97a1b2,neutral,Selfie
2023-04-30 19:20:00,1156.0,1,0,4.0,0,1149.0,,,,,-2.0,2023-04-30,IMG_20230430_202129_014.JPG,people,#5f6a8a,happy,"Con otras personas, Cuerpo Completo"
2023-04-30 19:20:00,1156.0,1,0,4.0,0,1149.0,,,,,-2.0,2023-04-30,IMG_20230430_202129_140.JPG,dream_catcher,#728ca6,happy,"Cuerpo Completo, Sticker"
2023-04-30 19:20:00,1156.0,1,0,4.0,0,1149.0,,,,,-2.0,2023-04-30,IMG_20230430_202130_572.JPG,people,#7e9195,happy,Con otras personas
2023-04-30 19:20:00,872.0,1,0,2.0,0,872.0,,,,,-2.0,2023-04-30,IMG_20230430_202116_449.JPG,theater,#5d708b,neutral,Otro
2023-04-30 19:20:00,872.0,1,0,2.0,0,872.0,,,,,-2.0,2023-04-30,IMG_20230430_202116_384.JPG,people,#81878f,happy,"Selfie, Con otras personas"
2023-04-30 19:20:00,872.0,1,0,2.0,0,872.0,,,,,-2.0,2023-04-30,IMG_20230430_202116_761.JPG,gown,#97a1b2,neutral,Selfie
2023-04-30 19:20:00,872.0,1,0,2.0,0,872.0,,,,,-2.0,2023-04-30,IMG_20230430_202129_014.JPG,people,#5f6a8a,happy,"Con otras personas, Cuerpo Completo"
2023-04-30 19:20:00,872.0,1,0,2.0,0,872.0,,,,,-2.0,2023-04-30,IMG_20230430_202129_140.JPG,dream_catcher,#728ca6,happy,"Cuerpo Completo, Sticker"
2023-04-30 19:20:00,872.0,1,0,2.0,0,872.0,,,,,-2.0,2023-04-30,IMG_20230430_202130_572.JPG,people,#7e9195,happy,Con otras personas
2023-04-30 19:20:00,810.0,3,0,5.0,1,805.0,,,,,-2.0,2023-04-30,IMG_20230430_202116_449.JPG,theater,#5d708b,neutral,Otro
2023-04-30 19:20:00,810.0,3,0,5.0,1,805.0,,,,,-2.0,2023-04-30,IMG_20230430_202116_384.JPG,people,#81878f,happy,"Selfie, Con otras personas"
2023-04-30 19:20:00,810.0,3,0,5.0,1,805.0,,,,,-2.0,2023-04-30,IMG_20230430_202116_761.JPG,gown,#97a1b2,neutral,Selfie
2023-04-30 19:20:00,810.0,3,0,5.0,1,805.0,,,,,-2.0,2023-04-30,IMG_20230430_202129_014.JPG,people,#5f6a8a,happy,"Con otras personas, Cuerpo Completo"
2023-04-30 19:20:00,810.0,3,0,5.0,1,805.0,,,,,-2.0,2023-04-30,IMG_20230430_202129_140.JPG,dream_catcher,#728ca6,happy,"Cuerpo Completo, Sticker"
2023-04-30 19:20:00,810.0,3,0,5.0,1,805.0,,,,,-2.0,2023-04-30,IMG_20230430_202130_572.JPG,people,#7e9195,happy,Con otras personas
2023-04-30 19:20:00,773.0,1,0,,0,769.0,,,,,-2.0,2023-04-30,IMG_20230430_202116_449.JPG,theater,#5d708b,neutral,Otro
2023-04-30 19:20:00,773.0,1,0,,0,769.0,,,,,-2.0,2023-04-30,IMG_20230430_202116_384.JPG,people,#81878f,happy,"Selfie, Con otras personas"
2023-04-30 19:20:00,773.0,1,0,,0,769.0,,,,,-2.0,2023-04-30,IMG_20230430_202116_761.JPG,gown,#97a1b2,neutral,Selfie
2023-04-30 19:20:00,773.0,1,0,,0,769.0,,,,,-2.0,2023-04-30,IMG_20230430_202129_014.JPG,people,#5f6a8a,happy,"Con otras personas, Cuerpo Completo"
2023-04-30 19:20:00,773.0,1,0,,0,769.0,,,,,-2.0,2023-04-30,IMG_20230430_202129_140.JPG,dream_catcher,#728ca6,happy,"Cuerpo Completo, Sticker"
2023-04-30 19:20:00,773.0,1,0,,0,769.0,,,,,-2.0,2023-04-30,IMG_20230430_202130_572.JPG,people,#7e9195,happy,Con otras personas
2023-04-30 19:20:00,747.0,3,0,3.0,0,745.0,,,,,-2.0,2023-04-30,IMG_20230430_202116_449.JPG,theater,#5d708b,neutral,Otro
2023-04-30 19:20:00,747.0,3,0,3.0,0,745.0,,,,,-2.0,2023-04-30,IMG_20230430_202116_384.JPG,people,#81878f,happy,"Selfie, Con otras personas"
2023-04-30 19:20:00,747.0,3,0,3.0,0,745.0,,,,,-2.0,2023-04-30,IMG_20230430_202116_761.JPG,gown,#97a1b2,neutral,Selfie
2023-04-30 19:20:00,747.0,3,0,3.0,0,745.0,,,,,-2.0,2023-04-30,IMG_20230430_202129_014.JPG,people,#5f6a8a,happy,"Con otras personas, Cuerpo Completo"
2023-04-30 19:20:00,747.0,3,0,3.0,0,745.0,,,,,-2.0,2023-04-30,IMG_20230430_202129_140.JPG,dream_catcher,#728ca6,happy,"Cuerpo Completo, Sticker"
2023-04-30 19:20:00,747.0,3,0,3.0,0,745.0,,,,,-2.0,2023-04-30,IMG_20230430_202130_572.JPG,people,#7e9195,happy,Con otras personas
2023-04-30 19:20:00,705.0,5,0,3.0,0,704.0,,,,,0.0,2023-04-30,IMG_20230430_202116_449.JPG,theater,#5d708b,neutral,Otro
2023-04-30 19:20:00,705.0,5,0,3.0,0,704.0,,,,,0.0,2023-04-30,IMG_20230430_202116_384.JPG,people,#81878f,happy,"Selfie, Con otras personas"
2023-04-30 19:20:00,705.0,5,0,3.0,0,704.0,,,,,0.0,2023-04-30,IMG_20230430_202116_761.JPG,gown,#97a1b2,neutral,Selfie
2023-04-30 19:20:00,705.0,5,0,3.0,0,704.0,,,,,0.0,2023-04-30,IMG_20230430_202129_014.JPG,people,#5f6a8a,happy,"Con otras personas, Cuerpo Completo"
2023-04-30 19:20:00,705.0,5,0,3.0,0,704.0,,,,,0.0,2023-04-30,IMG_20230430_202129_140.JPG,dream_catcher,#728ca6,happy,"Cuerpo Completo, Sticker"
2023-04-30 19:20:00,705.0,5,0,3.0,0,704.0,,,,,0.0,2023-04-30,IMG_20230430_202130_572.JPG,people,#7e9195,happy,Con otras personas
2023-04-05 14:55:00,1806.0,8,0,12.0,1,1702.0,,,,,0.0,2023-04-05,IMG_20230405_144238_793.jpg,sunglasses,#828696,happy,"Selfie, Sticker, Comida y Bebida"
2023-05-05 08:40:00,1783.0,5,0,9.0,1,1734.0,,,,,0.0,2023-05-05,IMG_20230505_094107_425.JPG,statue,#737c8c,surprise,Selfie
2023-10-05 09:58:00,523.0,6,0,2.0,0,502.0,,,,,0.0,2023-10-05,img_20231005_144335_085.JPG,web_site,#867a8b,happy,"Reposteo, Con otras personas"
2023-05-15 11:29:00,2135.0,3,0,14.0,0,2082.0,,,,,0.0,2023-05-15,img_20230515_122925_105.JPG,sign,#767a92,neutral,"Otro, Sticker"
2023-05-22 14:49:00,638.0,0,0,4.0,0,636.0,,,,,-2.0,2023-05-22,img_20230522_154957_674.JPG,quote,#ae8a9a,happy,"Sticker, Cuerpo Completo"
2023-05-22 14:49:00,638.0,0,0,4.0,0,636.0,,,,,-2.0,2023-05-22,img_20230522_15123_340.JPG,background_color,#a96d86,sad,Sticker
2023-05-22 14:49:00,638.0,0,0,4.0,0,636.0,,,,,-2.0,2023-05-22,img_20230522_155215_156.JPG,quote,#f08f71,surprise,Otro
2023-05-22 14:49:00,638.0,0,0,4.0,0,636.0,,,,,-2.0,2023-05-22,img_20230522_155216_818.JPG,quote,#e9b3a5,sad,Otro
2023-05-22 14:49:00,638.0,0,0,4.0,0,636.0,,,,,-2.0,2023-05-22,img_20230522_155219_090.JPG,quote,#bcb4cc,neutral,Otro
2023-05-22 14:49:00,638.0,0,0,4.0,0,636.0,,,,,-2.0,2023-05-22,img_20230522_155225_104.JPG,quote,#e8b9af,neutral,Otro
2023-05-22 14:51:00,413.0,0,0,,0,406.0,,,,,-2.0,2023-05-22,img_20230522_154957_674.JPG,quote,#ae8a9a,happy,"Sticker, Cuerpo Completo"
2023-05-22 14:51:00,413.0,0,0,,0,406.0,,,,,-2.0,2023-05-22,img_20230522_15123_340.JPG,background_color,#a96d86,sad,Sticker
2023-05-22 14:51:00,413.0,0,0,,0,406.0,,,,,-2.0,2023-05-22,img_20230522_155215_156.JPG,quote,#f08f71,surprise,Otro
2023-05-22 14:51:00,413.0,0,0,,0,406.0,,,,,-2.0,2023-05-22,img_20230522_155216_818.JPG,quote,#e9b3a5,sad,Otro
2023-05-22 14:51:00,413.0,0,0,,0,406.0,,,,,-2.0,2023-05-22,img_20230522_155219_090.JPG,quote,#bcb4cc,neutral,Otro
2023-05-22 14:51:00,413.0,0,0,,0,406.0,,,,,-2.0,2023-05-22,img_20230522_155225_104.JPG,quote,#e8b9af,neutral,Otro
2023-05-22 14:51:00,358.0,0,0,,1,372.0,,,,,-2.0,2023-05-22,img_20230522_154957_674.JPG,quote,#ae8a9a,happy,"Sticker, Cuerpo Completo"
2023-05-22 14:51:00,358.0,0,0,,1,372.0,,,,,-2.0,2023-05-22,img_20230522_15123_340.JPG,background_color,#a96d86,sad,Sticker
2023-05-22 14:51:00,358.0,0,0,,1,372.0,,,,,-2.0,2023-05-22,img_20230522_155215_156.JPG,quote,#f08f71,surprise,Otro
2023-05-22 14:51:00,358.0,0,0,,1,372.0,,,,,-2.0,2023-05-22,img_20230522_155216_818.JPG,quote,#e9b3a5,sad,Otro
2023-05-22 14:51:00,358.0,0,0,,1,372.0,,,,,-2.0,2023-05-22,img_20230522_155219_090.JPG,quote,#bcb4cc,neutral,Otro
2023-05-22 14:51:00,358.0,0,0,,1,372.0,,,,,-2.0,2023-05-22,img_20230522_155225_104.JPG,quote,#e8b9af,neutral,Otro
2023-05-22 14:52:00,333.0,0,0,,0,326.0,,,,,-2.0,2023-05-22,img_20230522_154957_674.JPG,quote,#ae8a9a,happy,"Sticker, Cuerpo Completo"
2023-05-22 14:52:00,333.0,0,0,,0,326.0,,,,,-2.0,2023-05-22,img_20230522_15123_340.JPG,background_color,#a96d86,sad,Sticker
2023-05-22 14:52:00,333.0,0,0,,0,326.0,,,,,-2.0,2023-05-22,img_20230522_155215_156.JPG,quote,#f08f71,surprise,Otro
2023-05-22 14:52:00,333.0,0,0,,0,326.0,,,,,-2.0,2023-05-22,img_20230522_155216_818.JPG,quote,#e9b3a5,sad,Otro
2023-05-22 14:52:00,333.0,0,0,,0,326.0,,,,,-2.0,2023-05-22,img_20230522_155219_090.JPG,quote,#bcb4cc,neutral,Otro
2023-05-22 14:52:00,333.0,0,0,,0,326.0,,,,,-2.0,2023-05-22,img_20230522_155225_104.JPG,quote,#e8b9af,neutral,Otro
2023-05-22 14:52:00,319.0,0,0,,0,309.0,,,,,-2.0,2023-05-22,img_20230522_154957_674.JPG,quote,#ae8a9a,happy,"Sticker, Cuerpo Completo"
2023-05-22 14:52:00,319.0,0,0,,0,309.0,,,,,-2.0,2023-05-22,img_20230522_15123_340.JPG,background_color,#a96d86,sad,Sticker
2023-05-22 14:52:00,319.0,0,0,,0,309.0,,,,,-2.0,2023-05-22,img_20230522_155215_156.JPG,quote,#f08f71,surprise,Otro
2023-05-22 14:52:00,319.0,0,0,,0,309.0,,,,,-2.0,2023-05-22,img_20230522_155216_818.JPG,quote,#e9b3a5,sad,Otro
2023-05-22 14:52:00,319.0,0,0,,0,309.0,,,,,-2.0,2023-05-22,img_20230522_155219_090.JPG,quote,#bcb4cc,neutral,Otro
2023-05-22 14:52:00,319.0,0,0,,0,309.0,,,,,-2.0,2023-05-22,img_20230522_155225_104.JPG,quote,#e8b9af,neutral,Otro
2023-05-22 14:52:00,306.0,0,0,,0,298.0,,,,,-2.0,2023-05-22,img_20230522_154957_674.JPG,quote,#ae8a9a,happy,"Sticker, Cuerpo Completo"
2023-05-22 14:52:00,306.0,0,0,,0,298.0,,,,,-2.0,2023-05-22,img_20230522_15123_340.JPG,background_color,#a96d86,sad,Sticker
2023-05-22 14:52:00,306.0,0,0,,0,298.0,,,,,-2.0,2023-05-22,img_20230522_155215_156.JPG,quote,#f08f71,surprise,Otro
2023-05-22 14:52:00,306.0,0,0,,0,298.0,,,,,-2.0,2023-05-22,img_20230522_155216_818.JPG,quote,#e9b3a5,sad,Otro
2023-05-22 14:52:00,306.0,0,0,,0,298.0,,,,,-2.0,2023-05-22,img_20230522_155219_090.JPG,quote,#bcb4cc,neutral,Otro
2023-05-22 14:52:00,306.0,0,0,,0,298.0,,,,,-2.0,2023-05-22,img_20230522_155225_104.JPG,quote,#e8b9af,neutral,Otro
2023-05-24 06:08:00,770.0,3,0,7.0,1,816.0,,,,,-2.0,2023-05-24,img_20230524_070847_481.JPG,web_site,#cdcdcd,angry,"Reposteo, Sticker"
2023-05-25 09:48:00,798.0,4,0,4.0,0,822.0,,,,,0.0,2023-05-25,img_20230525_104901_188.JPG,oracle_deck,#b59f9b,happy,"Sticker, Selfie"
2023-05-25 09:48:00,798.0,4,0,4.0,0,822.0,,,,,0.0,2023-05-25,img_20230525_154700_505.JPG,person,#79636b,happy,"Sticker, Selfie"
2023-05-25 14:46:00,552.0,0,0,1.0,0,561.0,,,,,-2.0,2023-05-25,img_20230525_104901_188.JPG,oracle_deck,#b59f9b,happy,"Sticker, Selfie"
2023-05-25 14:46:00,552.0,0,0,1.0,0,561.0,,,,,-2.0,2023-05-25,img_20230525_154700_505.JPG,person,#79636b,happy,"Sticker, Selfie"
2023-05-29 06:45:00,791.0,0,0,8.0,0,826.0,,,,,-2.0,2023-05-29,img_20230529_074542_247.JPG,person,#887b83,happy,"Sticker, Selfie"
2023-03-06 13:15:00,3672.0,2,0,14.0,0,3257.0,,,,,0.0,2023-03-06,IMG_20230306_114921_701.jpg,oracle,#9ca993,happy,"Otro, Sticker"
2023-06-13 08:21:00,538.0,1,0,7.0,0,559.0,,,,,-2.0,2023-06-13,img_20230613_092135_179.JPG,web_site,#8c958e,happy,"Sticker, Reposteo"
2023-06-14 11:07:00,485.0,0,0,8.0,1,524.0,,,,,-2.0,2023-06-14,img_20230614_120811_894.JPG,person,#858084,happy,"Sticker, Selfie"
2023-06-16 10:58:00,1098.0,0,0,9.0,0,1151.0,,,,,-2.0,2023-06-16,img_20230616_115900_899.JPG,book,#989ba9,neutral,"Sticker, Otro"
2023-06-22 09:44:00,753.0,0,0,6.0,0,775.0,,,,,-2.0,2023-06-22,img_20230622_104432_732.JPG,book,#70727d,sad,"Sticker, Otro"
2024-02-10 16:34:00,3515.0,8,0,13.0,0,3600.0,,,,3644.0,0.0,2024-02-10,IMG_20240210_163012_710.jpg,moon,#411e27,neutral,"Enlace, Ofrecimiento"
2024-02-10 16:34:00,3515.0,8,0,13.0,0,3600.0,,,,3644.0,0.0,2024-02-10,IMG_20240210_163013_969.jpg,moon,#573b43,happy,"Selfie, Sticker"
2024-12-25 16:50:00,9136.0,14,0,42.0,1,9011.0,,,,9335.0,0.0,2024-12-25,IMG_20241225_185115_547.jpg,stole,#7b7376,happy,"Selfie, Con otras personas"
2024-12-24 11:50:00,7994.0,6,0,54.0,0,8634.0,,,,8477.0,0.0,2024-12-24,IMG_20241224_135057_364.jpg,lights,#707683,neutral,Selfie
2024-12-22 13:54:00,11464.0,5,0,29.0,0,10993.0,,,,11712.0,0.0,2024-12-22,IMG_20241222_155459_612.jpg,kitchen,#666974,neutral,Cuerpo Completo
2024-12-20 18:25:00,1112.0,6,0,5.0,0,1050.0,,,,1173.0,0.0,2024-12-20,IMG_20241220_202547_970.jpg,scene,#8d8486,happy,Cuerpo Completo
2024-12-19 14:35:00,5638.0,10,0,26.0,1,5580.0,,,,5738.0,0.0,2024-12-19,IMG_20241219_163537_270.jpg,seat_belt,#716b6f,happy,Selfie
2024-12-18 10:17:00,330.0,1,0,2.0,0,318.0,,,,337.0,0.0,2024-12-18,IMG_20241218_121747_857.jpg,person,#736f7a,happy,"Selfie, Sticker"
2024-12-18 10:17:00,330.0,1,0,2.0,0,318.0,,,,337.0,0.0,2024-12-18,IMG_20241218_120938_679.jpg,certificate,#71737a,happy,Selfie
2024-12-18 10:09:00,504.0,3,1,2.0,1,508.0,,,,530.0,0.0,2024-12-18,IMG_20241218_121747_857.jpg,person,#736f7a,happy,"Selfie, Sticker"
2024-12-18 10:09:00,504.0,3,1,2.0,1,508.0,,,,530.0,0.0,2024-12-18,IMG_20241218_120938_679.jpg,certificate,#71737a,happy,Selfie
2024-12-17 08:56:00,5285.0,10,0,32.0,1,5270.0,,,,5423.0,0.0,2024-12-17,IMG_20241217_105637_371.jpg,classroom,#8b8493,happy,Selfie
2024-12-15 19:49:00,6018.0,7,0,21.0,0,5701.0,,,,6152.0,0.0,2024-12-15,IMG_20241215_215004_342.jpg,park,#999ba0,happy,Con otras personas
2024-12-14 19:32:00,4332.0,3,0,11.0,0,4372.0,,,,4587.0,0.0,2024-12-14,IMG_20241214_213236_980.jpg,guillotine,#585f71,happy,"Comida y Bebida, Cuerpo Completo"
2024-12-13 15:48:00,12558.0,6,0,48.0,0,12268.0,,,,12818.0,0.0,2024-12-13,IMG_20241213_174908_771.jpg,sign,#7c778b,happy,Selfie
2024-12-12 13:24:00,7372.0,6,0,8.0,2,2348.0,,,2.0,7579.0,0.0,2024-12-12,IMG_20241212_152508_373.jpg,logo,#c591c9,happy,Con otras personas
2024-10-12 11:13:00,4719.0,6,0,25.0,1,4688.0,,,,4790.0,0.0,2024-10-12,IMG_20241012_174226_572.jpg,restaurant,#5d626e,happy,"Selfie, Comida y Bebida"
2024-02-12 12:21:00,2222.0,9,0,13.0,1,2264.0,,,,2309.0,0.0,2024-02-12,IMG_20240212_121257_181.jpg,book,#703d6c,surprise,"Sticker, Otro"
2024-02-12 12:21:00,2222.0,9,0,13.0,1,2264.0,,,,2309.0,0.0,2024-02-12,IMG_20240212_121300_506.jpg,quote,#846475,happy,"Sticker, Selfie"
2024-02-12 12:21:00,2222.0,9,0,13.0,1,2264.0,,,,2309.0,0.0,2024-02-12,IMG_20240212_121301_845.jpg,background_color,#793056,happy,Sticker
2024-11-25 11:43:00,3648.0,8,0,38.0,0,3855.0,,,,3828.0,0.0,2024-11-25,IMG_20241125_134326_129.jpg,street,#777584,happy,Selfie
2024-11-22 09:13:00,5058.0,8,0,55.0,1,5191.0,,,,5167.0,0.0,2024-11-22,IMG_20241122_111341_745.jpg,coffee_mug,#747379,happy,"Selfie, Comida y Bebida"
2024-11-18 09:25:00,3450.0,3,0,38.0,0,3594.0,,,,3548.0,0.0,2024-11-18,IMG_20241118_112608_735.jpg,person,#7b7279,surprise,Selfie
2024-11-11 10:57:00,5384.0,11,0,49.0,1,5510.0,,2.0,,5486.0,0.0,2024-11-11,IMG_20241111_125752_550.jpg,flowers,#606873,happy,Selfie
2024-10-26 15:37:00,8236.0,13,0,35.0,2,8511.0,,,,8406.0,0.0,2024-10-26,IMG_20241026_164513_758.jpg,witch,#757a81,happy,"Selfie, Cuerpo Completo"
2024-10-24 16:55:00,181.0,0,0,,0,175.0,,,,183.0,-2.0,2024-10-24,IMG_20241024_175810_262.jpg,journal,#d0dada,happy,Reposteo
2024-10-24 16:55:00,181.0,0,0,,0,175.0,,,,183.0,-2.0,2024-10-24,IMG_20241024_175722_158.jpg,journal,#767370,happy,Reposteo
2024-10-24 16:55:00,284.0,3,0,,0,281.0,,,2.0,290.0,-2.0,2024-10-24,IMG_20241024_175810_262.jpg,journal,#d0dada,happy,Reposteo
2024-10-24 16:55:00,284.0,3,0,,0,281.0,,,2.0,290.0,-2.0,2024-10-24,IMG_20241024_175722_158.jpg,journal,#767370,happy,Reposteo
2024-10-23 09:14:00,5244.0,9,0,47.0,1,5220.0,,,,5383.0,0.0,2024-10-23,IMG_20241023_101418_014.jpg,coffee_mug,#787782,happy,"Selfie, Comida y Bebida"
2024-10-18 07:47:00,4127.0,7,0,26.0,2,4397.0,,,,4365.0,0.0,2024-10-18,IMG_20241018_084721_523.jpg,coffe_mug,#666972,happy,"Selfie, Comida y Bebida"
2024-10-16 14:21:00,2959.0,4,0,32.0,0,3139.0,,,,3119.0,0.0,2024-10-16,IMG_20241016_152147_493.jpg,can,#5e6473,happy,"Selfie, Comida y Bebida"
2024-10-14 10:55:00,6414.0,14,0,39.0,0,6475.0,,,,6545.0,0.0,2024-10-14,IMG_20241014_115546_008.jpg,person,#656a7e,happy,Selfie
2024-12-10 16:42:00,10792.0,10,0,77.0,1,11414.0,,,,11324.0,0.0,2024-12-10,IMG_20241210_131348_346.jpg,person,#807977,happy,Selfie
2024-05-10 08:21:00,4362.0,3,0,44.0,0,4251.0,,,,4487.0,0.0,2024-05-10,IMG_20240510_203821_648.jpg,plate,#717585,happy,"Selfie, Comida y Bebida"
2024-05-10 08:21:00,4362.0,3,0,44.0,0,4251.0,,,,4487.0,0.0,2024-05-10,IMG_20240510_203822_065.jpg,people,#726370,tender,Con otras personas
2024-05-10 08:21:00,4362.0,3,0,44.0,0,4251.0,,,,4487.0,0.0,2024-05-10,IMG_20240510_203822_689.jpg,tray,#a9acab,neutral,"Comida y Bebida, Sticker"
2024-03-21 08:19:00,107.0,0,0,,0,109.0,,,,,-2.0,2024-03-21,IMG_20240321_091929_583.jpg,person,#8d586e,happy,Cuerpo Completo
2024-03-21 08:19:00,107.0,0,0,,0,109.0,,,,,-2.0,2024-03-21,IMG_20240321_091929_670.jpg,journal,#70566b,sad,Cuerpo Completo
2024-03-21 08:19:00,215.0,0,0,2.0,0,219.0,,,,,-2.0,2024-03-21,IMG_20240321_091929_583.jpg,person,#8d586e,happy,Cuerpo Completo
2024-03-21 08:19:00,215.0,0,0,2.0,0,219.0,,,,,-2.0,2024-03-21,IMG_20240321_091929_670.jpg,journal,#70566b,sad,Cuerpo Completo
2024-03-19 07:29:00,133.0,0,0,,0,128.0,,,,,-2.0,2024-03-19,IMG_20240319_082940_712.jpg,person,#653c57,neutral,"Selfie, Sticker"
2024-03-19 07:29:00,133.0,0,0,,0,128.0,,,,,-2.0,2024-03-19,IMG_20240319_082943_526.jpg,promo,#782f3f,neutral,"Ofrecimiento, Cuerpo Completo"
2024-03-19 07:29:00,133.0,0,0,,0,128.0,,,,,-2.0,2024-03-19,IMG_20240319_082946_013.jpg,person,#804c6b,happy,"Selfie, Sticker"
2024-03-19 07:29:00,133.0,0,0,,0,128.0,,,,,-2.0,2024-03-19,IMG_20240319_082946_383.jpg,person,#856c4b,happy,"Sticker, Ofrecimiento, Cuerpo Completo"
2024-03-19 07:29:00,145.0,0,0,,0,140.0,,,,,-2.0,2024-03-19,IMG_20240319_082940_712.jpg,person,#653c57,neutral,"Selfie, Sticker"
2024-03-19 07:29:00,145.0,0,0,,0,140.0,,,,,-2.0,2024-03-19,IMG_20240319_082943_526.jpg,promo,#782f3f,neutral,"Ofrecimiento, Cuerpo Completo"
2024-03-19 07:29:00,145.0,0,0,,0,140.0,,,,,-2.0,2024-03-19,IMG_20240319_082946_013.jpg,person,#804c6b,happy,"Selfie, Sticker"
2024-03-19 07:29:00,145.0,0,0,,0,140.0,,,,,-2.0,2024-03-19,IMG_20240319_082946_383.jpg,person,#856c4b,happy,"Sticker, Ofrecimiento, Cuerpo Completo"
2024-03-19 07:29:00,173.0,1,0,,0,169.0,,,,,-2.0,2024-03-19,IMG_20240319_082940_712.jpg,person,#653c57,neutral,"Selfie, Sticker"
2024-03-19 07:29:00,173.0,1,0,,0,169.0,,,,,-2.0,2024-03-19,IMG_20240319_082943_526.jpg,promo,#782f3f,neutral,"Ofrecimiento, Cuerpo Completo"
2024-03-19 07:29:00,173.0,1,0,,0,169.0,,,,,-2.0,2024-03-19,IMG_20240319_082946_013.jpg,person,#804c6b,happy,"Selfie, Sticker"
2024-03-19 07:29:00,173.0,1,0,,0,169.0,,,,,-2.0,2024-03-19,IMG_20240319_082946_383.jpg,person,#856c4b,happy,"Sticker, Ofrecimiento, Cuerpo Completo"
2024-03-19 07:29:00,281.0,2,0,2.0,0,280.0,,,,,-2.0,2024-03-19,IMG_20240319_082940_712.jpg,person,#653c57,neutral,"Selfie, Sticker"
2024-03-19 07:29:00,281.0,2,0,2.0,0,280.0,,,,,-2.0,2024-03-19,IMG_20240319_082943_526.jpg,promo,#782f3f,neutral,"Ofrecimiento, Cuerpo Completo"
2024-03-19 07:29:00,281.0,2,0,2.0,0,280.0,,,,,-2.0,2024-03-19,IMG_20240319_082946_013.jpg,person,#804c6b,happy,"Selfie, Sticker"
2024-03-19 07:29:00,281.0,2,0,2.0,0,280.0,,,,,-2.0,2024-03-19,IMG_20240319_082946_383.jpg,person,#856c4b,happy,"Sticker, Ofrecimiento, Cuerpo Completo"
2024-03-16 17:40:00,466.0,1,0,,0,471.0,,,,,-2.0,2024-03-16,IMG_20240316_184103_346.jpg,person,#8e6779,happy,"Selfie, Sticker"
2024-05-03 17:33:00,159.0,0,0,,0,163.0,,,,,-2.0,2024-05-03,IMG_20240503_165952_178.jpg,mural,#716471,happy,Selfie
2024-05-03 17:33:00,159.0,0,0,,0,163.0,,,,,-2.0,2024-05-03,IMG_20240503_165711_342.jpg,seat_belt,#776c80,neutral,Selfie
2024-05-03 17:33:00,159.0,0,0,,0,163.0,,,,,-2.0,2024-05-03,IMG_20240503_165526_511.jpg,logo,#5b0fa8,happy,Cuerpo Completo
2024-05-03 17:33:00,159.0,0,0,,0,163.0,,,,,-2.0,2024-05-03,IMG_20240503_165314_327.jpg,maillot,#746184,happy,Selfie
2024-05-03 17:33:00,159.0,0,0,,0,163.0,,,,,-2.0,2024-05-03,IMG_20240503_170518_854.jpg,person,#95858e,happy,"Selfie, Sticker"
2024-05-03 17:33:00,184.0,1,0,,0,182.0,,,,,-2.0,2024-05-03,IMG_20240503_165952_178.jpg,mural,#716471,happy,Selfie
2024-05-03 17:33:00,184.0,1,0,,0,182.0,,,,,-2.0,2024-05-03,IMG_20240503_165711_342.jpg,seat_belt,#776c80,neutral,Selfie
2024-05-03 17:33:00,184.0,1,0,,0,182.0,,,,,-2.0,2024-05-03,IMG_20240503_165526_511.jpg,logo,#5b0fa8,happy,Cuerpo Completo
2024-05-03 17:33:00,184.0,1,0,,0,182.0,,,,,-2.0,2024-05-03,IMG_20240503_165314_327.jpg,maillot,#746184,happy,Selfie
2024-05-03 17:33:00,184.0,1,0,,0,182.0,,,,,-2.0,2024-05-03,IMG_20240503_170518_854.jpg,person,#95858e,happy,"Selfie, Sticker"
2024-05-03 17:33:00,294.0,2,0,3.0,0,290.0,,,,,-2.0,2024-05-03,IMG_20240503_165952_178.jpg,mural,#716471,happy,Selfie
2024-05-03 17:33:00,294.0,2,0,3.0,0,290.0,,,,,-2.0,2024-05-03,IMG_20240503_165711_342.jpg,seat_belt,#776c80,neutral,Selfie
2024-05-03 17:33:00,294.0,2,0,3.0,0,290.0,,,,,-2.0,2024-05-03,IMG_20240503_165526_511.jpg,logo,#5b0fa8,happy,Cuerpo Completo
2024-05-03 17:33:00,294.0,2,0,3.0,0,290.0,,,,,-2.0,2024-05-03,IMG_20240503_165314_327.jpg,maillot,#746184,happy,Selfie
2024-05-03 17:33:00,294.0,2,0,3.0,0,290.0,,,,,-2.0,2024-05-03,IMG_20240503_170518_854.jpg,person,#95858e,happy,"Selfie, Sticker"
2024-02-23 05:57:00,148.0,0,0,,0,156.0,,,,,-2.0,2024-02-23,IMG_20240223_075815_658.jpg,gown,#9d9795,happy,Otro
2024-02-23 05:57:00,148.0,0,0,,0,156.0,,,,,-2.0,2024-02-23,IMG_20240223_075816_795.jpg,person,#77505e,happy,Selfie
2024-02-23 05:57:00,148.0,0,0,,0,156.0,,,,,-2.0,2024-02-23,IMG_20240223_075817_564.jpg,abaya,#9da0a2,sad,Otro
2024-02-23 05:57:00,148.0,0,0,,0,156.0,,,,,-2.0,2024-02-23,IMG_20240223_075818_734.jpg,feather_boa,#323c6b,happy,Otro
2024-02-23 05:57:00,148.0,0,0,,0,156.0,,,,,-2.0,2024-02-23,IMG_20240223_075821_075.jpg,background_color,#742850,happy,Sticker
2024-02-23 05:57:00,154.0,0,0,,0,165.0,,,,,-2.0,2024-02-23,IMG_20240223_075815_658.jpg,gown,#9d9795,happy,Otro
2024-02-23 05:57:00,154.0,0,0,,0,165.0,,,,,-2.0,2024-02-23,IMG_20240223_075816_795.jpg,person,#77505e,happy,Selfie
2024-02-23 05:57:00,154.0,0,0,,0,165.0,,,,,-2.0,2024-02-23,IMG_20240223_075817_564.jpg,abaya,#9da0a2,sad,Otro
2024-02-23 05:57:00,154.0,0,0,,0,165.0,,,,,-2.0,2024-02-23,IMG_20240223_075818_734.jpg,feather_boa,#323c6b,happy,Otro
2024-02-23 05:57:00,154.0,0,0,,0,165.0,,,,,-2.0,2024-02-23,IMG_20240223_075821_075.jpg,background_color,#742850,happy,Sticker
2024-02-23 05:57:00,165.0,0,0,1.0,0,178.0,,,,,-2.0,2024-02-23,IMG_20240223_075815_658.jpg,gown,#9d9795,happy,Otro
2024-02-23 05:57:00,165.0,0,0,1.0,0,178.0,,,,,-2.0,2024-02-23,IMG_20240223_075816_795.jpg,person,#77505e,happy,Selfie
2024-02-23 05:57:00,165.0,0,0,1.0,0,178.0,,,,,-2.0,2024-02-23,IMG_20240223_075817_564.jpg,abaya,#9da0a2,sad,Otro
2024-02-23 05:57:00,165.0,0,0,1.0,0,178.0,,,,,-2.0,2024-02-23,IMG_20240223_075818_734.jpg,feather_boa,#323c6b,happy,Otro
2024-02-23 05:57:00,165.0,0,0,1.0,0,178.0,,,,,-2.0,2024-02-23,IMG_20240223_075821_075.jpg,background_color,#742850,happy,Sticker
2024-02-23 05:57:00,187.0,1,0,,0,197.0,,,,,-2.0,2024-02-23,IMG_20240223_075815_658.jpg,gown,#9d9795,happy,Otro
2024-02-23 05:57:00,187.0,1,0,,0,197.0,,,,,-2.0,2024-02-23,IMG_20240223_075816_795.jpg,person,#77505e,happy,Selfie
2024-02-23 05:57:00,187.0,1,0,,0,197.0,,,,,-2.0,2024-02-23,IMG_20240223_075817_564.jpg,abaya,#9da0a2,sad,Otro
2024-02-23 05:57:00,187.0,1,0,,0,197.0,,,,,-2.0,2024-02-23,IMG_20240223_075818_734.jpg,feather_boa,#323c6b,happy,Otro
2024-02-23 05:57:00,187.0,1,0,,0,197.0,,,,,-2.0,2024-02-23,IMG_20240223_075821_075.jpg,background_color,#742850,happy,Sticker
2024-02-23 05:57:00,302.0,0,0,2.0,0,311.0,,,,,-2.0,2024-02-23,IMG_20240223_075815_658.jpg,gown,#9d9795,happy,Otro
2024-02-23 05:57:00,302.0,0,0,2.0,0,311.0,,,,,-2.0,2024-02-23,IMG_20240223_075816_795.jpg,person,#77505e,happy,Selfie
2024-02-23 05:57:00,302.0,0,0,2.0,0,311.0,,,,,-2.0,2024-02-23,IMG_20240223_075817_564.jpg,abaya,#9da0a2,sad,Otro
2024-02-23 05:57:00,302.0,0,0,2.0,0,311.0,,,,,-2.0,2024-02-23,IMG_20240223_075818_734.jpg,feather_boa,#323c6b,happy,Otro
2024-02-23 05:57:00,302.0,0,0,2.0,0,311.0,,,,,-2.0,2024-02-23,IMG_20240223_075821_075.jpg,background_color,#742850,happy,Sticker
2024-02-21 17:34:00,190.0,0,0,1.0,0,200.0,,,,,-2.0,2024-02-21,IMG_20240221_193428_114.jpg,person,#907774,happy,"Sticker, Selfie"
2024-02-21 17:34:00,190.0,0,0,1.0,0,200.0,,,,,-2.0,2024-02-21,IMG_20240221_193431_128.jpg,background_color,#853860,sad,Sticker
2024-02-21 17:34:00,302.0,0,0,3.0,0,305.0,,,,,-2.0,2024-02-21,IMG_20240221_193428_114.jpg,person,#907774,happy,"Sticker, Selfie"
2024-02-21 17:34:00,302.0,0,0,3.0,0,305.0,,,,,-2.0,2024-02-21,IMG_20240221_193431_128.jpg,background_color,#853860,sad,Sticker
2024-02-20 12:56:00,189.0,3,0,2.0,0,201.0,9.0,,,,-2.0,2024-02-20,IMG_20240220_145703_283.jpg,person,#7d655b,happy,"Sticker, Selfie"
2024-02-20 12:56:00,189.0,3,0,2.0,0,201.0,9.0,,,,-2.0,2024-02-20,IMG_20240220_145706_258.jpg,promo,#5d203e,neutral,"Selfie, Ofrecimiento, Enlace"
2024-02-20 12:56:00,189.0,3,0,2.0,0,201.0,9.0,,,,-2.0,2024-02-20,IMG_20240220_145706_307.jpg,background_Color,#974e73,happy,Sticker
2024-02-20 12:56:00,204.0,0,0,1.0,0,198.0,,,,,-2.0,2024-02-20,IMG_20240220_145703_283.jpg,person,#7d655b,happy,"Sticker, Selfie"
2024-02-20 12:56:00,204.0,0,0,1.0,0,198.0,,,,,-2.0,2024-02-20,IMG_20240220_145706_258.jpg,promo,#5d203e,neutral,"Selfie, Ofrecimiento, Enlace"
2024-02-20 12:56:00,204.0,0,0,1.0,0,198.0,,,,,-2.0,2024-02-20,IMG_20240220_145706_307.jpg,background_Color,#974e73,happy,Sticker
2024-02-20 12:56:00,232.0,0,0,1.0,0,232.0,,,,,-2.0,2024-02-20,IMG_20240220_145703_283.jpg,person,#7d655b,happy,"Sticker, Selfie"
2024-02-20 12:56:00,232.0,0,0,1.0,0,232.0,,,,,-2.0,2024-02-20,IMG_20240220_145706_258.jpg,promo,#5d203e,neutral,"Selfie, Ofrecimiento, Enlace"
2024-02-20 12:56:00,232.0,0,0,1.0,0,232.0,,,,,-2.0,2024-02-20,IMG_20240220_145706_307.jpg,background_Color,#974e73,happy,Sticker
2024-02-19 10:50:00,185.0,1,0,,0,200.0,,,,,-2.0,2024-02-19,IMG_20240219_111146_466.jpg,coffee,#737888,neutral,Comida y Bebida
2024-02-19 10:50:00,185.0,1,0,,0,200.0,,,,,-2.0,2024-02-19,IMG_20240219_125056_353.jpg,stole,#7f5a70,happy,"Selfie, Otro"
2024-02-19 10:50:00,185.0,1,0,,0,200.0,,,,,-2.0,2024-02-19,IMG_20240219_125058_731.jpg,book,#8d4e73,happy,Otro
2024-02-19 10:50:00,185.0,1,0,,0,200.0,,,,,-2.0,2024-02-19,IMG_20240219_125100_027.jpg,background_color,#793056,happy,Sticker
2024-02-19 10:50:00,210.0,3,0,,0,224.0,,,,,-2.0,2024-02-19,IMG_20240219_111146_466.jpg,coffee,#737888,neutral,Comida y Bebida
2024-02-19 10:50:00,210.0,3,0,,0,224.0,,,,,-2.0,2024-02-19,IMG_20240219_125056_353.jpg,stole,#7f5a70,happy,"Selfie, Otro"
2024-02-19 10:50:00,210.0,3,0,,0,224.0,,,,,-2.0,2024-02-19,IMG_20240219_125058_731.jpg,book,#8d4e73,happy,Otro
2024-02-19 10:50:00,210.0,3,0,,0,224.0,,,,,-2.0,2024-02-19,IMG_20240219_125100_027.jpg,background_color,#793056,happy,Sticker
2024-02-19 10:50:00,249.0,3,0,1.0,0,255.0,,,,,-2.0,2024-02-19,IMG_20240219_111146_466.jpg,coffee,#737888,neutral,Comida y Bebida
2024-02-19 10:50:00,249.0,3,0,1.0,0,255.0,,,,,-2.0,2024-02-19,IMG_20240219_125056_353.jpg,stole,#7f5a70,happy,"Selfie, Otro"
2024-02-19 10:50:00,249.0,3,0,1.0,0,255.0,,,,,-2.0,2024-02-19,IMG_20240219_125058_731.jpg,book,#8d4e73,happy,Otro
2024-02-19 10:50:00,249.0,3,0,1.0,0,255.0,,,,,-2.0,2024-02-19,IMG_20240219_125100_027.jpg,background_color,#793056,happy,Sticker
2024-02-19 09:11:00,481.0,5,0,9.0,0,496.0,,,,,-2.0,2024-02-19,IMG_20240219_111146_466.jpg,coffee,#737888,neutral,Comida y Bebida
2024-02-19 09:11:00,481.0,5,0,9.0,0,496.0,,,,,-2.0,2024-02-19,IMG_20240219_125056_353.jpg,stole,#7f5a70,happy,"Selfie, Otro"
2024-02-19 09:11:00,481.0,5,0,9.0,0,496.0,,,,,-2.0,2024-02-19,IMG_20240219_125058_731.jpg,book,#8d4e73,happy,Otro
2024-02-19 09:11:00,481.0,5,0,9.0,0,496.0,,,,,-2.0,2024-02-19,IMG_20240219_125100_027.jpg,background_color,#793056,happy,Sticker
2024-02-16 13:26:00,5336.0,5,0,33.0,0,5275.0,,,,,-2.0,2024-02-16,IMG_20240216_152701_550.jpg,people,#b69ba2,happy,"Reposteo, Con otras personas"
2024-02-13 16:32:00,1331.0,5,0,9.0,0,1377.0,,,,,-2.0,2024-02-13,IMG_20240213_183250_806.jpg,person,#ac979e,happy,"Sticker, Selfie, Ofrecimiento"
2024-12-02 10:12:00,299.0,0,0,,0,305.0,,,,,-2.0,2024-12-02,IMG_20241202_142153_605.jpg,dream_catcher,#7f87b1,happy,Selfie
2024-12-02 10:12:00,342.0,1,0,1.0,0,349.0,,,,,-2.0,2024-12-02,IMG_20241202_142153_605.jpg,dream_catcher,#7f87b1,happy,Selfie
2024-12-02 10:12:00,518.0,1,0,,0,473.0,,,,,-2.0,2024-12-02,IMG_20241202_142153_605.jpg,dream_catcher,#7f87b1,happy,Selfie
2024-10-02 14:29:00,356.0,3,0,1.0,0,354.0,6.0,,,,-2.0,2024-10-02,IMG_20241002_173511_936.jpg,board,#696c7f,happy,Selfie
2024-10-02 14:29:00,576.0,4,0,5.0,0,588.0,,,,,-2.0,2024-10-02,IMG_20241002_173511_936.jpg,board,#696c7f,happy,Selfie
2024-02-02 08:53:00,726.0,2,0,7.0,0,736.0,,,,,-2.0,2024-02-02,IMG_20240202_105325_912.jpg,tamal,#8b90ad,neutral,"Sticker, Comida y Bebida"
2024-01-30 17:09:00,1601.0,7,0,10.0,0,1669.0,,,,,-2.0,2024-01-30,IMG_20240130_190930_660.jpg,quote,#f6b7c0,happy,"Sticker, Reposteo"
2024-01-29 12:35:00,757.0,5,0,4.0,0,767.0,,,,,-2.0,2024-01-29,IMG_20240129_143555_250.jpg,web_site,#f4e5eb,neutral,"Otro, Sticker"
2024-05-01 12:08:00,368.0,3,0,4.0,0,373.0,,,,,-2.0,2024-05-01,IMG_20240501_174852_821.jpg,promo,#a789b6,surprise,"Selfie, Ofrecimiento, Sticker"
2024-04-01 13:12:00,3137.0,14,0,24.0,3,3111.0,,,,,-2.0,2024-04-01,IMG_20240401_114430_919.jpg,person,#693856,happy,Selfie
2024-04-01 13:12:00,3137.0,14,0,24.0,3,3111.0,,,,,-2.0,2024-04-01,IMG_20240401_114431_278.jpg,person,#562a47,happy,Selfie
2024-04-01 13:12:00,3137.0,14,0,24.0,3,3111.0,,,,,-2.0,2024-04-01,IMG_20240401_114436_157.jpg,person,#856a48,happy,"Ofrecimiento, Cuerpo Completo"
2024-04-01 13:12:00,3137.0,14,0,24.0,3,3111.0,,,,,-2.0,2024-04-01,IMG_20240401_182702_590.jpg,trifle,#707989,happy,Comida y Bebida
2024-01-01 10:00:00,465.0,1,0,,0,465.0,,,,,0.0,2024-01-01,IMG_20240101_120057_494.jpg,journal,#b4aeb7,sad,"Sticker, Otro"
2025-01-20 13:06:00,5697.0,5,0,38.0,0,5903.0,,,,5809.0,0.0,2025-01-20,IMG_20250120_150630_215.jpg,person,#595e67,happy,Selfie
2025-01-17 09:19:00,7711.0,8,0,52.0,1,7945.0,,,,7889.0,0.0,2025-01-17,IMG_20250117_112006_771.jpg,person,#5c616b,happy,"Selfie, Comida y Bebida"
2025-01-13 07:32:00,8790.0,8,0,88.0,1,9100.0,,,,8998.0,0.0,2025-01-13,IMG_20250113_093221_483.jpg,coffee_mug,#838593,happy,"Selfie, Comida y Bebida"
